age,x_l,x_d,x_h,x_whole,x_shucked,x_viscera,x_shell
8.5,0.33,0.255,0.08,0.205,0.0895,0.0395,0.055
9.5,0.425,0.3,0.095,0.3515,0.141,0.0775,0.12
8.5,0.355,0.28,0.085,0.2905,0.095,0.0395,0.115
11.5,0.38,0.275,0.1,0.2255,0.08,0.049,0.085
6.5,0.24,0.175,0.045,0.07,0.0315,0.0235,0.02
6.5,0.205,0.15,0.055,0.042,0.0255,0.015,0.012
5.5,0.21,0.15,0.05,0.042,0.0175,0.0125,0.015
8.5,0.39,0.295,0.095,0.203,0.0875,0.045,0.075
7.5,0.325,0.245,0.07,0.161,0.0755,0.0255,0.045
9.5,0.52,0.41,0.12,0.595,0.2385,0.111,0.19
5.5,0.245,0.19,0.06,0.086,0.042,0.014,0.025
7.5,0.31,0.235,0.07,0.151,0.063,0.0405,0.045
8.5,0.36,0.265,0.095,0.2315,0.105,0.046,0.075
10.5,0.435,0.32,0.08,0.3325,0.1485,0.0635,0.105
8.5,0.385,0.295,0.085,0.2535,0.103,0.0575,0.085
7.5,0.36,0.28,0.08,0.1755,0.081,0.0505,0.07
6.5,0.27,0.195,0.06,0.073,0.0285,0.0235,0.03
7.5,0.375,0.275,0.09,0.238,0.1075,0.0545,0.07
9.5,0.385,0.29,0.085,0.2505,0.112,0.061,0.08
8.5,0.35,0.26,0.095,0.211,0.086,0.056,0.068
8.5,0.265,0.2,0.065,0.0975,0.04,0.0205,0.028
10.5,0.28,0.205,0.08,0.127,0.052,0.039,0.042
6.5,0.175,0.13,0.055,0.0315,0.0105,0.0065,0.0125
5.5,0.17,0.13,0.095,0.03,0.013,0.008,0.01
6.5,0.235,0.16,0.04,0.048,0.0185,0.018,0.015
8.5,0.36,0.26,0.09,0.1785,0.0645,0.037,0.075
6.5,0.315,0.21,0.06,0.125,0.06,0.0375,0.035
9.5,0.315,0.245,0.085,0.1435,0.053,0.0475,0.05
5.5,0.225,0.16,0.045,0.0465,0.025,0.015,0.015
9.5,0.355,0.275,0.085,0.22,0.092,0.06,0.15
10.5,0.4,0.3,0.11,0.315,0.109,0.067,0.12
9.5,0.435,0.34,0.11,0.3795,0.1495,0.085,0.12
8.5,0.37,0.28,0.095,0.2655,0.122,0.052,0.08
8.5,0.405,0.3,0.12,0.324,0.1265,0.07,0.11
11.5,0.425,0.38,0.105,0.3265,0.1285,0.0785,0.1
8.5,0.365,0.27,0.085,0.205,0.078,0.0485,0.07
8.5,0.275,0.215,0.075,0.1155,0.0485,0.029,0.035
13.5,0.44,0.35,0.135,0.435,0.1815,0.083,0.125
10.5,0.295,0.225,0.08,0.124,0.0485,0.032,0.04
2.5,0.075,0.055,0.01,0.002,0.001,0.0005,0.0015
4.5,0.13,0.1,0.03,0.013,0.0045,0.003,0.004
4.5,0.11,0.09,0.03,0.008,0.0025,0.002,0.003
6.5,0.16,0.12,0.035,0.021,0.0075,0.0045,0.005
6.5,0.27,0.2,0.07,0.1,0.034,0.0245,0.035
6.5,0.23,0.175,0.065,0.0645,0.026,0.0105,0.02
9.5,0.3,0.23,0.08,0.1275,0.0435,0.0265,0.04
9.5,0.33,0.255,0.085,0.1655,0.063,0.039,0.06
11.5,0.35,0.26,0.085,0.174,0.0705,0.0345,0.06
14.5,0.32,0.245,0.08,0.1585,0.0635,0.0325,0.05
10.5,0.36,0.275,0.085,0.1975,0.0745,0.0415,0.07
8.5,0.305,0.245,0.075,0.156,0.0675,0.038,0.045
8.5,0.345,0.27,0.11,0.2135,0.082,0.0545,0.07
8.5,0.33,0.25,0.105,0.1715,0.0655,0.035,0.06
5.5,0.245,0.195,0.06,0.095,0.0445,0.0245,0.026
8.5,0.36,0.285,0.105,0.2415,0.0915,0.057,0.075
7.5,0.295,0.215,0.085,0.128,0.049,0.034,0.04
7.5,0.275,0.205,0.075,0.1105,0.045,0.0285,0.035
5.5,0.28,0.21,0.085,0.1065,0.039,0.0295,0.03
5.5,0.2,0.145,0.06,0.037,0.0125,0.0095,0.011
4.5,0.165,0.12,0.03,0.0215,0.007,0.005,0.005
9.5,0.45,0.355,0.11,0.4585,0.194,0.067,0.14
7.5,0.33,0.255,0.095,0.172,0.066,0.0255,0.06
6.5,0.265,0.21,0.06,0.0965,0.0425,0.022,0.03
5.5,0.19,0.145,0.04,0.038,0.0165,0.0065,0.015
6.5,0.265,0.205,0.07,0.1055,0.039,0.041,0.035
8.5,0.355,0.275,0.09,0.251,0.097,0.053,0.08
8.5,0.32,0.255,0.1,0.1755,0.073,0.0415,0.065
9.5,0.36,0.28,0.09,0.2255,0.0885,0.04,0.09
6.5,0.3,0.22,0.08,0.121,0.0475,0.042,0.035
6.5,0.235,0.175,0.04,0.0705,0.0335,0.015,0.02
7.5,0.34,0.26,0.08,0.2,0.08,0.0555,0.055
9.5,0.375,0.305,0.115,0.2715,0.092,0.074,0.09
10.5,0.465,0.375,0.12,0.471,0.222,0.119,0.14
11.5,0.415,0.325,0.1,0.3215,0.1535,0.0595,0.105
10.5,0.365,0.295,0.095,0.25,0.1075,0.0545,0.08
7.5,0.345,0.275,0.095,0.1995,0.0755,0.0535,0.07
12.5,0.39,0.31,0.1,0.302,0.116,0.064,0.115
8.5,0.44,0.345,0.12,0.365,0.1655,0.083,0.11
12.5,0.49,0.38,0.12,0.529,0.2165,0.139,0.155
9.5,0.29,0.225,0.07,0.101,0.036,0.0235,0.035
7.5,0.26,0.2,0.07,0.092,0.037,0.02,0.03
14.5,0.44,0.345,0.1,0.366,0.122,0.0905,0.12
8.5,0.36,0.275,0.095,0.217,0.084,0.0435,0.09
15.5,0.385,0.305,0.095,0.252,0.0915,0.055,0.09
11.5,0.36,0.275,0.11,0.2335,0.095,0.0525,0.085
9.5,0.335,0.26,0.1,0.192,0.0785,0.0585,0.07
11.5,0.395,0.295,0.1,0.2715,0.134,0.0325,0.085
10.5,0.36,0.28,0.105,0.199,0.0695,0.045,0.08
11.5,0.415,0.31,0.11,0.2965,0.123,0.057,0.0995
7.5,0.24,0.185,0.07,0.0715,0.026,0.018,0.025
6.5,0.22,0.165,0.055,0.0545,0.0215,0.012,0.02
7.5,0.255,0.195,0.07,0.0735,0.0255,0.02,0.025
6.5,0.175,0.125,0.05,0.0235,0.008,0.0035,0.008
10.5,0.43,0.34,0.12,0.3575,0.151,0.0645,0.1045
17.5,0.56,0.445,0.155,0.8735,0.3005,0.209,0.275
11.5,0.68,0.53,0.185,1.1095,0.439,0.245,0.34
10.5,0.365,0.26,0.115,0.218,0.0935,0.0445,0.07
21.5,0.53,0.42,0.185,0.752,0.299,0.156,0.205
13.5,0.47,0.37,0.12,0.4705,0.1845,0.1055,0.155
11.5,0.47,0.37,0.14,0.4985,0.2095,0.1225,0.145
12.5,0.465,0.38,0.13,0.454,0.1895,0.08,0.155
12.5,0.52,0.405,0.14,0.5775,0.2,0.145,0.179
12.5,0.555,0.425,0.18,0.875,0.3695,0.2005,0.255
18.5,0.65,0.515,0.16,1.1625,0.495,0.203,0.33
14.5,0.615,0.49,0.155,0.9885,0.4145,0.195,0.345
13.5,0.56,0.44,0.165,0.8,0.335,0.1735,0.25
14.5,0.48,0.37,0.12,0.514,0.2075,0.131,0.155
10.5,0.485,0.39,0.125,0.591,0.287,0.141,0.12
11.5,0.5,0.385,0.15,0.6265,0.2605,0.1665,0.16
15.5,0.525,0.405,0.15,0.795,0.3075,0.205,0.255
14.5,0.52,0.4,0.145,0.66,0.267,0.1055,0.22
14.5,0.515,0.4,0.12,0.659,0.2705,0.179,0.17
13.5,0.485,0.355,0.13,0.581,0.245,0.132,0.168
13.5,0.435,0.33,0.125,0.406,0.1685,0.1055,0.096
17.5,0.45,0.35,0.14,0.474,0.21,0.109,0.1275
15.5,0.45,0.345,0.135,0.443,0.1975,0.0875,0.1175
11.5,0.61,0.475,0.15,0.9665,0.4145,0.2,0.345
11.5,0.56,0.425,0.14,0.9175,0.4005,0.1975,0.26
12.5,0.58,0.445,0.15,0.8865,0.383,0.209,0.255
15.5,0.55,0.425,0.15,0.806,0.376,0.171,0.245
14.5,0.46,0.355,0.14,0.4935,0.216,0.133,0.115
12.5,0.495,0.39,0.125,0.6655,0.284,0.162,0.2
11.5,0.52,0.425,0.17,0.6805,0.28,0.174,0.195
14.5,0.51,0.4,0.15,0.745,0.2865,0.1675,0.235
19.5,0.525,0.41,0.175,0.874,0.3585,0.207,0.205
14.5,0.575,0.455,0.18,0.8525,0.3015,0.1825,0.3
14.5,0.605,0.47,0.14,0.939,0.3385,0.201,0.32
13.5,0.605,0.495,0.145,1.054,0.369,0.2255,0.36
18.5,0.535,0.42,0.145,0.926,0.398,0.1965,0.25
12.5,0.47,0.345,0.115,0.4885,0.2005,0.108,0.166
13.5,0.515,0.39,0.14,0.5555,0.2,0.1135,0.2235
14.5,0.425,0.345,0.125,0.425,0.16,0.0795,0.154
11.5,0.485,0.37,0.13,0.458,0.181,0.113,0.136
19.5,0.495,0.37,0.125,0.4775,0.185,0.0705,0.169
16.5,0.45,0.35,0.145,0.525,0.2085,0.1,0.1655
19.5,0.485,0.38,0.14,0.673,0.2175,0.13,0.195
16.5,0.465,0.36,0.105,0.498,0.214,0.116,0.14
22.5,0.53,0.415,0.145,0.944,0.3845,0.185,0.265
10.5,0.475,0.365,0.115,0.49,0.223,0.1235,0.1335
10.5,0.47,0.36,0.13,0.5225,0.198,0.1065,0.165
15.5,0.44,0.345,0.12,0.487,0.1965,0.108,0.16
14.5,0.62,0.485,0.18,1.1785,0.4675,0.2655,0.39
12.5,0.445,0.33,0.12,0.347,0.12,0.084,0.105
12.5,0.46,0.35,0.12,0.4885,0.193,0.105,0.155
7.5,0.335,0.245,0.09,0.1665,0.0595,0.04,0.06
12.5,0.47,0.35,0.13,0.466,0.1845,0.099,0.145
19.5,0.58,0.49,0.195,1.3165,0.5305,0.254,0.41
19.5,0.65,0.525,0.18,1.626,0.597,0.3445,0.53
12.5,0.535,0.45,0.17,0.781,0.3055,0.1555,0.295
20.5,0.45,0.355,0.12,0.412,0.1145,0.0665,0.16
8.5,0.37,0.275,0.1,0.2295,0.0885,0.0465,0.07
6.5,0.255,0.19,0.075,0.0865,0.0345,0.0205,0.025
5.5,0.165,0.11,0.02,0.019,0.0065,0.0025,0.005
8.5,0.315,0.23,0.09,0.1285,0.043,0.04,0.04
5.5,0.155,0.105,0.05,0.0175,0.005,0.0035,0.005
8.5,0.295,0.225,0.09,0.1105,0.0405,0.0245,0.032
8.5,0.325,0.25,0.08,0.176,0.0595,0.0355,0.063
8.5,0.28,0.205,0.055,0.1135,0.045,0.0275,0.0335
8.5,0.275,0.2,0.065,0.1035,0.0475,0.0205,0.03
9.5,0.29,0.205,0.07,0.0975,0.036,0.019,0.035
7.5,0.25,0.19,0.06,0.0765,0.036,0.0115,0.0245
5.5,0.18,0.125,0.035,0.0265,0.0095,0.0055,0.0085
3.5,0.15,0.1,0.025,0.015,0.0045,0.004,0.005
4.5,0.16,0.11,0.025,0.018,0.0065,0.0055,0.005
9.5,0.485,0.375,0.14,0.521,0.2,0.123,0.17
7.5,0.385,0.28,0.125,0.244,0.102,0.038,0.085
6.5,0.215,0.155,0.06,0.0525,0.021,0.0165,0.015
8.5,0.37,0.275,0.1,0.22,0.094,0.045,0.065
7.5,0.28,0.205,0.07,0.1015,0.041,0.03,0.03
7.5,0.235,0.175,0.055,0.067,0.027,0.0125,0.018
6.5,0.255,0.185,0.06,0.088,0.0365,0.021,0.023
8.5,0.315,0.24,0.085,0.1715,0.071,0.0345,0.0535
8.5,0.325,0.25,0.08,0.1735,0.0765,0.0345,0.049
7.5,0.335,0.25,0.08,0.183,0.0735,0.04,0.0575
7.5,0.35,0.27,0.09,0.2055,0.075,0.0575,0.062
7.5,0.35,0.25,0.07,0.18,0.0655,0.048,0.054
8.5,0.36,0.3,0.085,0.27,0.1185,0.064,0.0745
8.5,0.365,0.275,0.135,0.24,0.108,0.0445,0.0735
7.5,0.37,0.275,0.14,0.2215,0.097,0.0455,0.0615
8.5,0.38,0.275,0.095,0.1375,0.086,0.0585,0.0605
7.5,0.385,0.29,0.095,0.312,0.143,0.0635,0.086
8.5,0.385,0.3,0.1,0.2895,0.1215,0.063,0.09
8.5,0.395,0.29,0.095,0.319,0.138,0.08,0.082
7.5,0.395,0.29,0.095,0.304,0.127,0.084,0.077
7.5,0.4,0.31,0.1,0.306,0.13,0.06,0.094
7.5,0.41,0.325,0.1,0.394,0.208,0.0655,0.106
8.5,0.415,0.32,0.11,0.3735,0.175,0.0755,0.109
7.5,0.425,0.325,0.1,0.398,0.1185,0.0645,0.0945
10.5,0.44,0.365,0.115,0.501,0.2435,0.084,0.1465
8.5,0.445,0.335,0.1,0.4895,0.2745,0.086,0.1105
8.5,0.445,0.325,0.1,0.378,0.1795,0.1,0.089
9.5,0.45,0.35,0.13,0.547,0.245,0.1405,0.1405
10.5,0.475,0.365,0.125,0.5465,0.229,0.1185,0.172
10.5,0.485,0.355,0.105,0.498,0.2175,0.096,0.1525
7.5,0.205,0.14,0.05,0.046,0.0165,0.012,0.0135
6.5,0.24,0.175,0.055,0.0705,0.025,0.014,0.021
4.5,0.24,0.175,0.065,0.0665,0.031,0.0135,0.017
7.5,0.255,0.19,0.05,0.083,0.0295,0.0215,0.027
5.5,0.255,0.18,0.055,0.083,0.031,0.0215,0.02
7.5,0.265,0.195,0.06,0.092,0.0345,0.025,0.0245
5.5,0.28,0.12,0.075,0.117,0.0455,0.029,0.0345
6.5,0.295,0.23,0.08,0.1625,0.065,0.05,0.0385
5.5,0.3,0.235,0.08,0.131,0.05,0.0265,0.043
7.5,0.3,0.23,0.095,0.1385,0.056,0.0365,0.037
6.5,0.305,0.22,0.07,0.141,0.062,0.031,0.037
7.5,0.315,0.235,0.075,0.1485,0.0585,0.0375,0.0425
9.5,0.315,0.23,0.07,0.144,0.053,0.0305,0.04
6.5,0.32,0.24,0.09,0.1575,0.07,0.0265,0.0425
7.5,0.325,0.24,0.075,0.187,0.0825,0.0445,0.05
7.5,0.33,0.265,0.085,0.196,0.0775,0.0305,0.0445
8.5,0.335,0.25,0.075,0.1825,0.0705,0.044,0.055
8.5,0.335,0.25,0.075,0.186,0.0945,0.038,0.0445
6.5,0.34,0.25,0.075,0.1785,0.0665,0.0455,0.045
8.5,0.34,0.25,0.07,0.2225,0.104,0.0425,0.055
8.5,0.345,0.265,0.1,0.2455,0.111,0.0535,0.065
7.5,0.37,0.29,0.095,0.249,0.1045,0.058,0.067
8.5,0.37,0.28,0.095,0.2865,0.1505,0.069,0.0795
7.5,0.375,0.28,0.09,0.215,0.084,0.06,0.055
7.5,0.385,0.265,0.08,0.251,0.124,0.037,0.07
8.5,0.41,0.31,0.09,0.339,0.155,0.0695,0.09
8.5,0.41,0.305,0.09,0.3535,0.157,0.0745,0.1
7.5,0.41,0.31,0.09,0.3335,0.1635,0.061,0.091
7.5,0.415,0.33,0.09,0.3595,0.17,0.081,0.09
6.5,0.42,0.32,0.115,0.376,0.169,0.092,0.1
7.5,0.42,0.315,0.1,0.3435,0.157,0.0795,0.09
7.5,0.425,0.34,0.1,0.382,0.164,0.096,0.1
7.5,0.425,0.315,0.1,0.377,0.1645,0.072,0.105
8.5,0.43,0.325,0.1,0.3645,0.1575,0.0825,0.105
8.5,0.43,0.325,0.09,0.425,0.217,0.087,0.095
9.5,0.435,0.325,0.12,0.3995,0.1815,0.061,0.1125
7.5,0.435,0.34,0.115,0.3925,0.1825,0.078,0.1145
7.5,0.44,0.345,0.13,0.4495,0.209,0.0835,0.134
8.5,0.44,0.325,0.09,0.35,0.148,0.067,0.105
8.5,0.445,0.35,0.13,0.4195,0.1695,0.0945,0.1195
8.5,0.45,0.36,0.13,0.478,0.191,0.127,0.137
9.5,0.45,0.355,0.105,0.4445,0.197,0.093,0.1335
8.5,0.45,0.345,0.11,0.47,0.2355,0.0855,0.1135
8.5,0.45,0.335,0.105,0.447,0.2335,0.153,0.119
8.5,0.455,0.355,0.125,0.5325,0.225,0.126,0.1465
7.5,0.455,0.375,0.12,0.497,0.2355,0.1055,0.1295
8.5,0.46,0.36,0.1,0.4635,0.2325,0.093,0.115
8.5,0.46,0.345,0.105,0.449,0.196,0.0945,0.1265
8.5,0.465,0.365,0.115,0.467,0.2315,0.0925,0.113
8.5,0.465,0.37,0.115,0.534,0.261,0.098,0.143
8.5,0.465,0.345,0.11,0.4415,0.1755,0.0905,0.12
9.5,0.5,0.385,0.12,0.56,0.2835,0.103,0.135
9.5,0.505,0.39,0.15,0.685,0.362,0.131,0.156
9.5,0.505,0.355,0.125,0.601,0.25,0.1205,0.185
8.5,0.51,0.375,0.1,0.5785,0.238,0.1225,0.175
8.5,0.51,0.405,0.135,0.769,0.3655,0.1585,0.18
5.5,0.185,0.13,0.045,0.029,0.012,0.0075,0.0095
4.5,0.195,0.15,0.045,0.0375,0.018,0.006,0.011
5.5,0.195,0.135,0.04,0.0325,0.0135,0.005,0.0095
5.5,0.2,0.155,0.04,0.0435,0.0155,0.009,0.007
5.5,0.225,0.165,0.055,0.059,0.027,0.0125,0.015
5.5,0.245,0.18,0.065,0.071,0.03,0.013,0.0215
6.5,0.25,0.18,0.065,0.0685,0.0245,0.0155,0.0225
8.5,0.265,0.195,0.055,0.084,0.0365,0.0175,0.025
7.5,0.275,0.195,0.065,0.106,0.054,0.02,0.028
6.5,0.28,0.21,0.085,0.1075,0.0415,0.024,0.034
6.5,0.285,0.22,0.065,0.096,0.0405,0.0205,0.03
7.5,0.3,0.22,0.08,0.1255,0.055,0.0265,0.039
7.5,0.315,0.235,0.055,0.151,0.065,0.027,0.039
7.5,0.32,0.225,0.085,0.1415,0.0675,0.0295,0.0405
6.5,0.34,0.265,0.08,0.2015,0.09,0.0475,0.055
7.5,0.37,0.28,0.1,0.221,0.1165,0.0265,0.0635
7.5,0.375,0.28,0.08,0.2345,0.1125,0.0455,0.067
7.5,0.375,0.275,0.1,0.2325,0.1165,0.042,0.065
8.5,0.385,0.29,0.08,0.2485,0.122,0.0495,0.065
7.5,0.4,0.32,0.095,0.348,0.194,0.053,0.087
8.5,0.405,0.3,0.11,0.32,0.172,0.044,0.093
8.5,0.41,0.3,0.1,0.282,0.1255,0.057,0.0875
7.5,0.41,0.325,0.1,0.3245,0.132,0.072,0.106
8.5,0.42,0.3,0.105,0.316,0.1255,0.07,0.1035
8.5,0.42,0.32,0.11,0.3625,0.174,0.0635,0.105
7.5,0.42,0.31,0.095,0.279,0.1255,0.051,0.088
8.5,0.425,0.325,0.115,0.3685,0.162,0.0865,0.1045
7.5,0.435,0.33,0.11,0.413,0.2055,0.096,0.096
8.5,0.435,0.345,0.115,0.418,0.222,0.0735,0.106
8.5,0.44,0.33,0.11,0.3705,0.1545,0.084,0.12
8.5,0.445,0.345,0.105,0.409,0.1675,0.1015,0.117
8.5,0.445,0.34,0.145,0.434,0.1945,0.0905,0.13
9.5,0.445,0.335,0.11,0.411,0.1985,0.0935,0.109
9.5,0.45,0.365,0.125,0.462,0.2135,0.0985,0.1315
7.5,0.45,0.34,0.12,0.4925,0.241,0.1075,0.12
8.5,0.45,0.33,0.105,0.3715,0.1865,0.0785,0.0975
7.5,0.45,0.33,0.1,0.411,0.1945,0.1,0.098
7.5,0.45,0.33,0.11,0.3685,0.16,0.0885,0.102
8.5,0.46,0.35,0.115,0.4155,0.18,0.098,0.1175
7.5,0.47,0.38,0.125,0.4845,0.211,0.1075,0.142
7.5,0.475,0.35,0.11,0.4565,0.206,0.099,0.13
8.5,0.475,0.35,0.1,0.4545,0.2165,0.111,0.115
9.5,0.48,0.38,0.125,0.6245,0.3395,0.1085,0.1665
8.5,0.5,0.375,0.14,0.5495,0.248,0.112,0.1585
10.5,0.5,0.375,0.12,0.542,0.215,0.116,0.17
9.5,0.5,0.38,0.125,0.519,0.2485,0.1135,0.134
9.5,0.51,0.405,0.125,0.6795,0.3465,0.1395,0.182
10.5,0.51,0.4,0.125,0.5575,0.2615,0.1195,0.1525
9.5,0.51,0.38,0.115,0.5155,0.215,0.1135,0.166
9.5,0.515,0.385,0.125,0.6115,0.3175,0.1265,0.15
9.5,0.52,0.38,0.135,0.5395,0.2295,0.133,0.157
9.5,0.52,0.38,0.125,0.5545,0.288,0.1295,0.167
9.5,0.525,0.4,0.13,0.6455,0.325,0.1245,0.17
10.5,0.525,0.4,0.14,0.601,0.2625,0.1285,0.1835
9.5,0.525,0.395,0.12,0.608,0.297,0.1395,0.1405
9.5,0.53,0.4,0.125,0.617,0.279,0.127,0.19
10.5,0.535,0.39,0.125,0.599,0.2595,0.149,0.169
11.5,0.54,0.42,0.14,0.6665,0.3125,0.138,0.1895
9.5,0.57,0.44,0.15,0.755,0.3425,0.16,0.224
11.5,0.575,0.435,0.13,0.805,0.3155,0.2155,0.245
10.5,0.665,0.5,0.17,1.2975,0.6035,0.291,0.3595
7.5,0.185,0.375,0.12,0.4645,0.196,0.1045,0.15
5.5,0.245,0.205,0.06,0.0765,0.034,0.014,0.0215
6.5,0.25,0.185,0.065,0.0685,0.0295,0.014,0.0225
6.5,0.25,0.19,0.065,0.0835,0.039,0.015,0.025
7.5,0.275,0.195,0.09,0.1125,0.0545,0.0295,0.0355
6.5,0.305,0.215,0.065,0.1075,0.044,0.0205,0.038
6.5,0.31,0.225,0.07,0.1055,0.435,0.015,0.04
6.5,0.315,0.23,0.08,0.1375,0.0545,0.031,0.0445
6.5,0.315,0.23,0.07,0.1145,0.046,0.0235,0.0385
7.5,0.325,0.225,0.075,0.139,0.0565,0.032,0.09
8.5,0.33,0.25,0.095,0.2085,0.102,0.0395,0.052
6.5,0.33,0.205,0.095,0.1595,0.077,0.032,0.0435
8.5,0.335,0.245,0.09,0.2015,0.096,0.0405,0.048
7.5,0.34,0.25,0.09,0.179,0.0775,0.033,0.055
7.5,0.345,0.255,0.095,0.1945,0.0925,0.037,0.055
6.5,0.345,0.255,0.085,0.2005,0.105,0.037,0.05
7.5,0.35,0.27,0.075,0.215,0.1,0.036,0.065
9.5,0.35,0.255,0.09,0.1785,0.0855,0.0305,0.0525
5.5,0.36,0.27,0.085,0.196,0.0875,0.035,0.064
7.5,0.365,0.27,0.085,0.1875,0.081,0.042,0.058
8.5,0.365,0.27,0.085,0.196,0.0825,0.0375,0.06
8.5,0.365,0.265,0.085,0.213,0.0945,0.049,0.06
8.5,0.37,0.29,0.09,0.2445,0.089,0.0655,0.075
7.5,0.37,0.28,0.085,0.217,0.1095,0.035,0.062
6.5,0.375,0.29,0.095,0.213,0.096,0.041,0.061
8.5,0.375,0.29,0.085,0.2385,0.118,0.045,0.0695
7.5,0.375,0.275,0.09,0.218,0.093,0.0405,0.0755
7.5,0.375,0.275,0.095,0.2465,0.11,0.0415,0.0775
9.5,0.375,0.28,0.08,0.2025,0.0825,0.048,0.065
8.5,0.375,0.27,0.085,0.218,0.0945,0.039,0.07
7.5,0.38,0.275,0.11,0.256,0.11,0.0535,0.0755
9.5,0.38,0.27,0.08,0.2105,0.0865,0.042,0.07
10.5,0.385,0.29,0.09,0.2615,0.111,0.0595,0.0745
9.5,0.385,0.28,0.085,0.2175,0.097,0.038,0.067
8.5,0.385,0.3,0.095,0.302,0.152,0.0615,0.0735
6.5,0.385,0.28,0.09,0.228,0.1025,0.042,0.0655
8.5,0.39,0.3,0.095,0.3265,0.1665,0.0575,0.089
9.5,0.395,0.305,0.105,0.284,0.1135,0.0595,0.0945
9.5,0.395,0.295,0.095,0.2725,0.115,0.0625,0.085
6.5,0.395,0.27,0.1,0.2985,0.1445,0.061,0.082
6.5,0.4,0.29,0.1,0.2675,0.1205,0.0605,0.0765
7.5,0.405,0.285,0.09,0.2645,0.1265,0.0505,0.075
8.5,0.41,0.335,0.11,0.33,0.157,0.0705,0.17
7.5,0.42,0.305,0.09,0.328,0.168,0.0615,0.082
8.5,0.425,0.325,0.11,0.3335,0.173,0.045,0.1
8.5,0.425,0.32,0.1,0.3055,0.126,0.06,0.106
8.5,0.425,0.31,0.09,0.301,0.1385,0.065,0.08
9.5,0.43,0.34,0,0.428,0.2065,0.086,0.115
9.5,0.43,0.315,0.095,0.378,0.175,0.08,0.1045
8.5,0.435,0.315,0.11,0.3685,0.1615,0.0715,0.12
10.5,0.44,0.34,0.12,0.438,0.2115,0.083,0.12
10.5,0.45,0.33,0.105,0.448,0.208,0.089,0.12
9.5,0.455,0.345,0.105,0.4005,0.164,0.0755,0.126
9.5,0.455,0.33,0.1,0.372,0.358,0.0775,0.11
8.5,0.46,0.36,0.105,0.466,0.2225,0.099,0.11
10.5,0.46,0.35,0.105,0.3705,0.1575,0.077,0.114
12.5,0.465,0.34,0.11,0.346,0.1425,0.073,0.113
9.5,0.47,0.365,0.1,0.411,0.175,0.0855,0.135
9.5,0.47,0.355,0.18,0.48,0.2055,0.105,0.1505
9.5,0.47,0.355,0.12,0.393,0.167,0.0885,0.115
9.5,0.475,0.355,0.1,0.5035,0.2535,0.091,0.14
9.5,0.475,0.38,0.12,0.441,0.1785,0.0885,0.1505
9.5,0.475,0.36,0.11,0.492,0.211,0.11,0.15
10.5,0.48,0.37,0.125,0.5435,0.244,0.101,0.165
9.5,0.48,0.355,0.115,0.4725,0.2065,0.112,0.132
9.5,0.48,0.365,0.1,0.461,0.2205,0.0835,0.135
9.5,0.495,0.355,0.12,0.4965,0.214,0.1045,0.1495
8.5,0.495,0.38,0.13,0.5125,0.2185,0.116,0.16
10.5,0.5,0.38,0.135,0.594,0.2945,0.104,0.1565
10.5,0.5,0.375,0.145,0.5795,0.239,0.1375,0.185
10.5,0.5,0.41,0.14,0.6615,0.2585,0.1625,0.196
8.5,0.5,0.375,0.125,0.5695,0.259,0.124,0.157
10.5,0.5,0.395,0.14,0.6215,0.2925,0.1205,0.195
9.5,0.505,0.405,0.13,0.6015,0.3015,0.11,0.18
8.5,0.505,0.38,0.12,0.594,0.2595,0.1435,0.18
9.5,0.505,0.395,0.105,0.551,0.248,0.103,0.171
8.5,0.515,0.38,0.12,0.625,0.3265,0.1295,0.16
14.5,0.515,0.42,0.135,0.711,0.337,0.144,0.205
10.5,0.515,0.4,0.135,0.6965,0.32,0.1255,0.175
11.5,0.52,0.4,0.13,0.5825,0.233,0.1365,0.18
10.5,0.52,0.395,0.125,0.663,0.3005,0.131,0.1905
10.5,0.525,0.4,0.125,0.6965,0.369,0.1385,0.164
10.5,0.53,0.415,0.13,0.694,0.3905,0.111,0.167
11.5,0.53,0.42,0.155,0.81,0.4725,0.111,0.192
10.5,0.53,0.415,0.11,0.5745,0.2525,0.1235,0.189
10.5,0.53,0.425,0.13,0.7675,0.419,0.1205,0.21
10.5,0.535,0.4,0.135,0.6025,0.2895,0.121,0.154
9.5,0.535,0.415,0.15,0.5765,0.3595,0.135,0.225
10.5,0.54,0.42,0.14,0.7265,0.3205,0.1445,0.229
9.5,0.545,0.435,0.135,0.7715,0.372,0.148,0.227
11.5,0.545,0.43,0.15,0.7285,0.302,0.1315,0.2545
9.5,0.545,0.405,0.135,0.5945,0.27,0.1185,0.185
12.5,0.55,0.43,0.145,0.7895,0.3745,0.171,0.223
11.5,0.55,0.435,0.14,0.7535,0.3285,0.1555,0.2325
10.5,0.55,0.425,0.135,0.7305,0.3325,0.1545,0.215
11.5,0.555,0.43,0.155,0.7395,0.3135,0.1435,0.28
10.5,0.555,0.43,0.14,0.7665,0.341,0.165,0.23
10.5,0.555,0.425,0.145,0.7905,0.3485,0.1765,0.225
10.5,0.56,0.425,0.135,0.8205,0.3715,0.185,0.236
10.5,0.56,0.425,0.145,0.688,0.3095,0.1305,0.2165
10.5,0.56,0.455,0.145,0.974,0.547,0.1615,0.235
12.5,0.565,0.44,0.175,0.8735,0.414,0.21,0.21
11.5,0.57,0.45,0.145,0.751,0.2825,0.2195,0.2215
9.5,0.57,0.45,0.135,0.794,0.3815,0.1415,0.245
11.5,0.57,0.44,0.13,0.7665,0.347,0.1785,0.202
11.5,0.585,0.475,0.16,1.0505,0.48,0.234,0.285
10.5,0.59,0.445,0.135,0.7715,0.328,0.1745,0.23
11.5,0.6,0.475,0.15,1.12,0.565,0.2465,0.27
12.5,0.605,0.485,0.15,1.238,0.6315,0.226,0.33
12.5,0.605,0.435,0.13,0.9025,0.432,0.174,0.26
10.5,0.61,0.465,0.15,0.9605,0.4495,0.1725,0.286
12.5,0.63,0.505,0.18,1.272,0.6025,0.295,0.315
11.5,0.63,0.475,0.145,1.0605,0.5165,0.2195,0.28
4.5,0.14,0.105,0.035,0.014,0.0055,0.0025,0.004
5.5,0.23,0.165,0.06,0.0515,0.019,0.0145,0.036
8.5,0.365,0.265,0.135,0.2215,0.105,0.047,0.0605
6.5,0.365,0.255,0.08,0.1985,0.0785,0.0345,0.053
7.5,0.37,0.27,0.095,0.232,0.1325,0.041,0.0615
8.5,0.375,0.28,0.085,0.3155,0.187,0.046,0.067
6.5,0.385,0.3,0.09,0.247,0.1225,0.044,0.0675
6.5,0.395,0.295,0.09,0.3025,0.143,0.0665,0.0765
7.5,0.4,0.29,0.11,0.329,0.188,0.0455,0.0825
8.5,0.4,0.3,0.09,0.2815,0.1185,0.061,0.08
9.5,0.405,0.31,0.095,0.3425,0.1785,0.064,0.0855
8.5,0.405,0.29,0.09,0.2825,0.112,0.075,0.0815
7.5,0.405,0.3,0.105,0.304,0.1455,0.061,0.0805
6.5,0.41,0.32,0.095,0.2905,0.141,0.063,0.073
7.5,0.425,0.34,0.105,0.389,0.2015,0.0905,0.088
7.5,0.43,0.34,0.105,0.4405,0.2385,0.0745,0.1075
6.5,0.44,0.34,0.105,0.369,0.164,0.08,0.1015
10.5,0.44,0.365,0.11,0.4465,0.213,0.089,0.1135
8.5,0.455,0.335,0.135,0.501,0.274,0.0995,0.1065
9.5,0.46,0.355,0.11,0.436,0.1975,0.096,0.125
10.5,0.47,0.345,0.14,0.4615,0.229,0.1105,0.116
7.5,0.47,0.35,0.125,0.4315,0.19,0.1165,0.1175
7.5,0.47,0.355,0.12,0.3685,0.126,0.0835,0.1365
8.5,0.475,0.365,0.115,0.459,0.2175,0.093,0.1165
8.5,0.48,0.36,0.125,0.542,0.2795,0.1025,0.147
7.5,0.485,0.38,0.12,0.4725,0.2075,0.1075,0.147
9.5,0.515,0.395,0.125,0.556,0.2695,0.096,0.17
8.5,0.515,0.4,0.125,0.5625,0.25,0.1245,0.17
10.5,0.53,0.43,0.13,0.7045,0.346,0.1415,0.189
9.5,0.615,0.475,0.13,0.8425,0.353,0.1915,0.251
6.5,0.21,0.17,0.045,0.0475,0.019,0.011,0.013
6.5,0.285,0.21,0.055,0.101,0.0415,0.017,0.0335
7.5,0.295,0.215,0.07,0.121,0.047,0.0155,0.0405
7.5,0.3,0.23,0.085,0.117,0.05,0.0175,0.0415
7.5,0.305,0.225,0.09,0.1465,0.063,0.034,0.0415
6.5,0.335,0.255,0.08,0.168,0.079,0.0355,0.05
6.5,0.35,0.26,0.075,0.18,0.09,0.0245,0.055
7.5,0.355,0.27,0.075,0.1775,0.079,0.0315,0.054
8.5,0.355,0.26,0.09,0.1985,0.0715,0.0495,0.058
9.5,0.36,0.27,0.095,0.2,0.073,0.056,0.061
8.5,0.36,0.275,0.075,0.2205,0.0985,0.044,0.066
8.5,0.36,0.265,0.075,0.1845,0.083,0.0365,0.055
8.5,0.365,0.27,0.085,0.2225,0.0935,0.0525,0.066
7.5,0.37,0.27,0.095,0.2175,0.097,0.046,0.065
8.5,0.375,0.28,0.08,0.2165,0.0935,0.0925,0.07
8.5,0.38,0.285,0.095,0.243,0.0895,0.0665,0.075
7.5,0.38,0.29,0.1,0.237,0.108,0.0395,0.082
9.5,0.385,0.29,0.09,0.2365,0.1,0.0505,0.076
8.5,0.385,0.28,0.095,0.257,0.119,0.059,0.07
9.5,0.385,0.3,0.09,0.308,0.1525,0.056,0.0835
8.5,0.39,0.3,0.09,0.252,0.1065,0.053,0.08
8.5,0.39,0.285,0.1,0.281,0.1275,0.062,0.077
8.5,0.39,0.29,0.1,0.2225,0.095,0.0465,0.073
9.5,0.41,0.3,0.09,0.304,0.129,0.071,0.0955
9.5,0.41,0.3,0.09,0.28,0.141,0.0575,0.075
8.5,0.415,0.325,0.1,0.313,0.139,0.0625,0.0965
9.5,0.425,0.325,0.11,0.317,0.135,0.048,0.09
8.5,0.425,0.315,0.08,0.303,0.131,0.0585,0.095
8.5,0.435,0.335,0.1,0.3295,0.129,0.07,0.11
7.5,0.435,0.325,0.11,0.367,0.1595,0.08,0.105
9.5,0.45,0.34,0.095,0.3245,0.1385,0.064,0.105
8.5,0.45,0.335,0.11,0.4195,0.181,0.085,0.1345
11.5,0.455,0.36,0.115,0.457,0.2085,0.0855,0.147
8.5,0.46,0.35,0.11,0.4,0.176,0.083,0.1205
8.5,0.46,0.355,0.11,0.4255,0.2015,0.081,0.13
10.5,0.465,0.37,0.12,0.4365,0.188,0.0815,0.147
9.5,0.465,0.345,0.11,0.393,0.1825,0.0735,0.12
9.5,0.47,0.355,0.125,0.499,0.21,0.0985,0.155
9.5,0.475,0.36,0.145,0.6325,0.2825,0.137,0.19
9.5,0.475,0.36,0.125,0.4905,0.205,0.1305,0.125
10.5,0.48,0.37,0.125,0.474,0.179,0.1035,0.175
9.5,0.48,0.37,0.12,0.536,0.251,0.114,0.15
8.5,0.485,0.375,0.13,0.6025,0.2935,0.1285,0.16
9.5,0.49,0.375,0.115,0.4615,0.204,0.0945,0.143
9.5,0.49,0.4,0.135,0.624,0.3035,0.1285,0.169
9.5,0.495,0.37,0.125,0.4715,0.2075,0.091,0.15
9.5,0.495,0.4,0.105,0.602,0.2505,0.1265,0.19
9.5,0.5,0.4,0.12,0.616,0.261,0.143,0.1935
9.5,0.5,0.39,0.12,0.5955,0.2455,0.147,0.173
10.5,0.5,0.375,0.14,0.559,0.2375,0.135,0.169
8.5,0.51,0.395,0.13,0.6025,0.281,0.143,0.162
10.5,0.515,0.36,0.125,0.4725,0.1815,0.125,0.138
11.5,0.515,0.35,0.105,0.4745,0.213,0.123,0.1275
9.5,0.515,0.395,0.125,0.6635,0.32,0.14,0.17
9.5,0.515,0.39,0.125,0.5705,0.238,0.1265,0.185
10.5,0.52,0.41,0.145,0.646,0.2965,0.1595,0.165
8.5,0.52,0.39,0.13,0.5545,0.2355,0.1095,0.1895
10.5,0.525,0.39,0.12,0.664,0.3115,0.147,0.178
9.5,0.525,0.38,0.135,0.615,0.261,0.159,0.175
8.5,0.525,0.4,0.14,0.654,0.305,0.16,0.169
8.5,0.53,0.42,0.12,0.5965,0.2555,0.141,0.177
11.5,0.53,0.43,0.135,0.6255,0.245,0.1455,0.2135
10.5,0.53,0.4,0.145,0.555,0.1935,0.1305,0.195
12.5,0.53,0.42,0.13,0.8365,0.3745,0.167,0.249
8.5,0.535,0.4,0.13,0.657,0.2835,0.162,0.175
10.5,0.54,0.43,0.17,0.836,0.3725,0.1815,0.24
10.5,0.54,0.425,0.14,0.742,0.32,0.1395,0.25
10.5,0.54,0.43,0.14,0.8195,0.3935,0.1725,0.2295
10.5,0.54,0.42,0.14,0.6275,0.2505,0.1175,0.235
11.5,0.54,0.425,0.13,0.7205,0.2955,0.169,0.225
9.5,0.54,0.425,0.135,0.686,0.3475,0.1545,0.213
10.5,0.545,0.4,0.13,0.686,0.3285,0.1455,0.18
9.5,0.545,0.375,0.12,0.543,0.2375,0.1155,0.1725
9.5,0.545,0.42,0.125,0.717,0.358,0.112,0.22
10.5,0.55,0.425,0.15,0.639,0.269,0.1345,0.217
13.5,0.55,0.42,0.135,0.816,0.3995,0.1485,0.23
9.5,0.55,0.415,0.145,0.7815,0.373,0.16,0.2215
9.5,0.55,0.425,0.15,0.7665,0.339,0.176,0.21
10.5,0.555,0.395,0.13,0.5585,0.222,0.1245,0.17
9.5,0.555,0.435,0.14,0.765,0.3945,0.15,0.206
12.5,0.555,0.46,0.145,0.9005,0.3845,0.158,0.2765
11.5,0.56,0.445,0.15,0.8225,0.3685,0.187,0.236
9.5,0.56,0.44,0.13,0.7235,0.349,0.149,0.2
10.5,0.565,0.42,0.155,0.743,0.31,0.186,0.231
10.5,0.57,0.435,0.17,0.848,0.4,0.166,0.25
11.5,0.57,0.43,0.145,0.833,0.354,0.144,0.2815
10.5,0.57,0.445,0.155,0.867,0.3705,0.1705,0.28
13.5,0.57,0.445,0.145,0.7405,0.306,0.172,0.1825
11.5,0.575,0.425,0.135,0.7965,0.364,0.196,0.239
10.5,0.575,0.45,0.125,0.78,0.3275,0.188,0.235
10.5,0.575,0.445,0.17,0.8015,0.3475,0.1465,0.25
11.5,0.575,0.45,0.135,0.807,0.3615,0.176,0.254
10.5,0.58,0.445,0.125,0.7095,0.303,0.1405,0.235
11.5,0.59,0.45,0.145,1.022,0.428,0.268,0.265
12.5,0.59,0.46,0.145,0.9015,0.419,0.1785,0.26
9.5,0.595,0.46,0.15,0.8335,0.377,0.1925,0.235
9.5,0.6,0.48,0.17,0.9175,0.38,0.2225,0.29
10.5,0.605,0.47,0.145,0.8025,0.379,0.2265,0.22
10.5,0.61,0.465,0.125,0.9225,0.436,0.19,0.26
13.5,0.62,0.485,0.18,1.154,0.4935,0.256,0.315
12.5,0.62,0.49,0.16,1.066,0.446,0.246,0.305
10.5,0.62,0.47,0.14,0.8565,0.3595,0.16,0.295
11.5,0.62,0.45,0.135,0.924,0.358,0.2265,0.2965
13.5,0.625,0.47,0.155,1.1955,0.643,0.2055,0.3145
10.5,0.625,0.485,0.15,1.044,0.438,0.2865,0.278
14.5,0.635,0.5,0.165,1.489,0.715,0.3445,0.3615
6.5,0.275,0.175,0.09,0.2315,0.096,0.057,0.0705
7.5,0.375,0.245,0.1,0.394,0.166,0.091,0.1125
9.5,0.435,0.3,0.12,0.5965,0.259,0.139,0.1645
7.5,0.455,0.335,0.105,0.422,0.229,0.0865,0.1
9.5,0.455,0.325,0.135,0.82,0.4005,0.1715,0.211
9.5,0.455,0.345,0.11,0.434,0.207,0.0855,0.1215
11.5,0.465,0.325,0.14,0.7615,0.362,0.1535,0.209
9.5,0.485,0.365,0.105,0.5205,0.195,0.123,0.182
10.5,0.485,0.345,0.16,0.869,0.3085,0.185,0.319
9.5,0.535,0.385,0.18,1.0835,0.4955,0.2295,0.304
9.5,0.545,0.42,0.165,0.8935,0.4235,0.2195,0.228
11.5,0.575,0.45,0.13,0.8145,0.403,0.1715,0.213
9.5,0.585,0.45,0.15,0.8915,0.3975,0.2035,0.253
6.5,0.185,0.135,0.04,0.027,0.0105,0.0055,0.009
5.5,0.24,0.18,0.055,0.0555,0.0235,0.013,0.018
8.5,0.31,0.215,0.075,0.1275,0.0565,0.0275,0.036
7.5,0.34,0.26,0.085,0.1885,0.0815,0.0335,0.06
8.5,0.35,0.265,0.08,0.2,0.09,0.042,0.06
7.5,0.365,0.27,0.085,0.197,0.0815,0.0325,0.065
8.5,0.365,0.275,0.085,0.223,0.098,0.0375,0.075
7.5,0.365,0.27,0.075,0.2215,0.095,0.0445,0.07
9.5,0.39,0.31,0.105,0.2665,0.1185,0.0525,0.081
7.5,0.405,0.3,0.09,0.269,0.103,0.067,0.11
8.5,0.41,0.315,0.095,0.2805,0.114,0.0345,0.11
8.5,0.41,0.335,0.105,0.3305,0.1405,0.064,0.105
7.5,0.415,0.31,0.09,0.2815,0.1245,0.0615,0.085
7.5,0.415,0.31,0.1,0.2805,0.114,0.0565,0.0975
9.5,0.415,0.31,0.095,0.311,0.1125,0.0625,0.115
12.5,0.42,0.325,0.1,0.368,0.1675,0.0625,0.1135
9.5,0.43,0.34,0.1,0.3405,0.1395,0.0665,0.12
8.5,0.435,0.335,0.1,0.3245,0.135,0.0785,0.098
8.5,0.435,0.33,0.11,0.38,0.1515,0.0945,0.11
9.5,0.435,0.33,0.105,0.335,0.156,0.0555,0.105
8.5,0.435,0.345,0.12,0.3215,0.13,0.056,0.1185
9.5,0.445,0.33,0.11,0.358,0.1525,0.067,0.1185
8.5,0.465,0.37,0.11,0.445,0.1635,0.096,0.166
9.5,0.47,0.375,0.12,0.487,0.196,0.099,0.135
10.5,0.475,0.34,0.105,0.4535,0.203,0.08,0.1465
8.5,0.485,0.385,0.13,0.568,0.2505,0.178,0.154
9.5,0.485,0.36,0.12,0.5155,0.2465,0.1025,0.147
10.5,0.485,0.37,0.115,0.457,0.1885,0.0965,0.15
9.5,0.495,0.38,0.135,0.5095,0.2065,0.1165,0.165
9.5,0.495,0.38,0.145,0.5,0.205,0.148,0.1505
9.5,0.495,0.375,0.14,0.494,0.181,0.0975,0.191
10.5,0.5,0.38,0.11,0.5605,0.28,0.106,0.15
12.5,0.505,0.405,0.13,0.599,0.2245,0.1175,0.225
9.5,0.505,0.4,0.145,0.7045,0.334,0.1425,0.207
11.5,0.515,0.415,0.135,0.7125,0.285,0.152,0.245
11.5,0.515,0.42,0.15,0.6725,0.2555,0.1335,0.235
9.5,0.52,0.41,0.11,0.5185,0.2165,0.0915,0.184
10.5,0.52,0.415,0.14,0.6375,0.308,0.1335,0.168
10.5,0.52,0.395,0.125,0.5805,0.2445,0.146,0.165
8.5,0.52,0.38,0.115,0.6645,0.3285,0.17,0.1425
11.5,0.52,0.385,0.115,0.581,0.2555,0.156,0.143
10.5,0.525,0.415,0.12,0.596,0.2805,0.12,0.1695
9.5,0.525,0.405,0.145,0.6965,0.3045,0.1535,0.21
10.5,0.525,0.4,0.145,0.6095,0.248,0.159,0.175
9.5,0.53,0.43,0.14,0.677,0.298,0.0965,0.23
10.5,0.53,0.43,0.16,0.7245,0.321,0.1275,0.24
10.5,0.53,0.395,0.13,0.575,0.247,0.115,0.183
10.5,0.53,0.405,0.12,0.632,0.2715,0.148,0.1875
10.5,0.535,0.455,0.14,1.0015,0.53,0.1765,0.244
10.5,0.54,0.395,0.135,0.6555,0.2705,0.155,0.192
9.5,0.54,0.39,0.125,0.6255,0.2525,0.158,0.19
11.5,0.545,0.425,0.14,0.8145,0.305,0.231,0.244
10.5,0.545,0.43,0.14,0.687,0.2615,0.1405,0.25
11.5,0.55,0.435,0.14,0.7995,0.295,0.1905,0.238
7.5,0.55,0.45,0.13,0.804,0.3375,0.1405,0.23
10.5,0.555,0.45,0.175,0.738,0.304,0.1755,0.22
10.5,0.56,0.445,0.165,0.832,0.3455,0.179,0.279
10.5,0.565,0.435,0.145,0.8445,0.3975,0.158,0.255
11.5,0.565,0.46,0.155,0.8715,0.3755,0.215,0.25
11.5,0.575,0.45,0.135,0.8715,0.45,0.162,0.225
12.5,0.575,0.45,0.135,0.8245,0.3375,0.2115,0.239
11.5,0.58,0.44,0.145,0.7905,0.3525,0.1645,0.242
11.5,0.605,0.49,0.165,1.071,0.482,0.1935,0.352
11.5,0.64,0.49,0.135,1.1,0.488,0.2505,0.2925
11.5,0.65,0.52,0.15,1.238,0.5495,0.296,0.3305
5.5,0.135,0.13,0.04,0.029,0.0125,0.0065,0.008
5.5,0.16,0.11,0.025,0.0195,0.0075,0.005,0.006
6.5,0.21,0.15,0.055,0.0465,0.017,0.012,0.015
7.5,0.28,0.21,0.075,0.1195,0.053,0.0265,0.03
8.5,0.28,0.2,0.065,0.0895,0.036,0.0185,0.03
7.5,0.285,0.215,0.06,0.0935,0.031,0.023,0.03
6.5,0.29,0.21,0.07,0.1115,0.048,0.0205,0.03
7.5,0.29,0.21,0.06,0.1195,0.056,0.0235,0.03
7.5,0.29,0.21,0.065,0.097,0.0375,0.022,0.03
7.5,0.32,0.24,0.07,0.133,0.0585,0.0255,0.041
8.5,0.325,0.25,0.07,0.1745,0.0875,0.0355,0.04
7.5,0.335,0.25,0.08,0.1695,0.0695,0.044,0.0495
8.5,0.35,0.235,0.08,0.17,0.0725,0.0465,0.0495
7.5,0.35,0.25,0.07,0.1605,0.0715,0.0335,0.046
10.5,0.355,0.27,0.105,0.271,0.1425,0.0525,0.0735
7.5,0.36,0.27,0.085,0.2185,0.1065,0.038,0.062
8.5,0.36,0.27,0.085,0.196,0.0905,0.034,0.053
7.5,0.375,0.28,0.08,0.226,0.105,0.047,0.065
8.5,0.375,0.275,0.085,0.22,0.109,0.05,0.0605
8.5,0.395,0.29,0.095,0.3,0.158,0.068,0.078
8.5,0.405,0.25,0.09,0.2875,0.128,0.063,0.0805
9.5,0.415,0.325,0.11,0.316,0.1385,0.0795,0.0925
8.5,0.425,0.315,0.095,0.3675,0.1865,0.0675,0.0985
9.5,0.43,0.32,0.11,0.3675,0.1675,0.102,0.105
8.5,0.435,0.325,0.12,0.346,0.159,0.084,0.095
8.5,0.46,0.35,0.11,0.4675,0.2125,0.099,0.1375
11.5,0.47,0.375,0.105,0.441,0.167,0.0865,0.145
9.5,0.475,0.365,0.12,0.5185,0.268,0.1095,0.1365
10.5,0.51,0.455,0.135,0.6855,0.2875,0.154,0.2035
6.5,0.255,0.19,0.06,0.086,0.04,0.0185,0.025
6.5,0.27,0.195,0.065,0.1065,0.0475,0.0225,0.0285
6.5,0.28,0.215,0.08,0.132,0.072,0.022,0.033
7.5,0.285,0.215,0.07,0.1075,0.051,0.0225,0.027
9.5,0.32,0.255,0.085,0.1745,0.072,0.033,0.057
9.5,0.325,0.24,0.07,0.152,0.0565,0.0305,0.054
9.5,0.385,0.28,0.1,0.2755,0.1305,0.061,0.0725
8.5,0.395,0.295,0.1,0.293,0.14,0.062,0.082
9.5,0.405,0.31,0.09,0.312,0.138,0.06,0.087
8.5,0.415,0.305,0.12,0.336,0.165,0.076,0.0805
7.5,0.42,0.315,0.115,0.355,0.1895,0.065,0.087
10.5,0.44,0.305,0.115,0.379,0.162,0.091,0.11
9.5,0.445,0.32,0.12,0.378,0.152,0.0825,0.12
10.5,0.465,0.355,0.09,0.4325,0.2005,0.074,0.1275
9.5,0.48,0.35,0.135,0.5465,0.2735,0.0995,0.158
9.5,0.49,0.37,0.11,0.538,0.271,0.1035,0.139
12.5,0.55,0.42,0.115,0.668,0.2925,0.137,0.209
8.5,0.405,0.305,0.09,0.2825,0.114,0.0575,0.095
11.5,0.37,0.29,0.1,0.25,0.1025,0.0505,0.085
10.5,0.41,0.31,0.11,0.315,0.124,0.082,0.095
6.5,0.325,0.25,0.055,0.166,0.076,0.051,0.045
10.5,0.455,0.355,0.08,0.452,0.2165,0.0995,0.125
8.5,0.385,0.29,0.09,0.232,0.0855,0.0495,0.08
5.5,0.13,0.095,0.035,0.0105,0.005,0.0065,0.0035
4.5,0.18,0.13,0.045,0.0275,0.0125,0.01,0.009
7.5,0.31,0.225,0.05,0.1445,0.0675,0.0385,0.045
10.5,0.455,0.37,0.125,0.433,0.201,0.1265,0.145
10.5,0.475,0.36,0.11,0.4555,0.177,0.0965,0.145
8.5,0.4,0.31,0.1,0.127,0.106,0.071,0.085
8.5,0.32,0.24,0.075,0.1735,0.076,0.0355,0.05
10.5,0.46,0.35,0.11,0.3945,0.1685,0.0865,0.125
6.5,0.28,0.2,0.075,0.1225,0.0545,0.0115,0.035
7.5,0.38,0.28,0.085,0.2735,0.115,0.061,0.085
5.5,0.165,0.115,0.015,0.0145,0.0055,0.003,0.005
7.5,0.19,0.13,0.03,0.0295,0.0155,0.015,0.01
6.5,0.215,0.15,0.03,0.0385,0.0115,0.005,0.01
7.5,0.32,0.235,0.08,0.1485,0.064,0.031,0.045
7.5,0.215,0.17,0.055,0.0605,0.0205,0.014,0.02
14.5,0.43,0.325,0.11,0.3675,0.1355,0.0935,0.12
6.5,0.26,0.215,0.08,0.099,0.037,0.0255,0.045
12.5,0.37,0.28,0.09,0.233,0.0905,0.0545,0.07
11.5,0.405,0.305,0.105,0.3625,0.1565,0.0705,0.125
7.5,0.27,0.19,0.08,0.081,0.0265,0.0195,0.03
7.5,0.275,0.22,0.08,0.1365,0.0565,0.0285,0.042
8.5,0.33,0.26,0.08,0.19,0.0765,0.0385,0.065
8.5,0.355,0.28,0.11,0.2235,0.0815,0.0525,0.08
8.5,0.275,0.2,0.075,0.086,0.0305,0.019,0.03
9.5,0.46,0.335,0.11,0.444,0.225,0.0745,0.11
12.5,0.355,0.28,0.1,0.2275,0.0935,0.0455,0.085
15.5,0.59,0.45,0.16,0.893,0.2745,0.2185,0.345
9.5,0.485,0.415,0.14,0.5705,0.25,0.134,0.185
8.5,0.435,0.345,0.12,0.4475,0.221,0.112,0.125
10.5,0.405,0.315,0.105,0.347,0.1605,0.0785,0.1
10.5,0.42,0.33,0.1,0.352,0.1635,0.089,0.1
7.5,0.33,0.265,0.09,0.18,0.068,0.036,0.06
7.5,0.325,0.27,0.1,0.185,0.08,0.0435,0.065
7.5,0.34,0.26,0.09,0.179,0.076,0.0525,0.055
8.5,0.415,0.325,0.1,0.385,0.167,0.08,0.125
9.5,0.495,0.385,0.125,0.585,0.2755,0.1235,0.165
9.5,0.315,0.24,0.07,0.137,0.0545,0.0315,0.04
11.5,0.4,0.31,0.1,0.2875,0.1145,0.0635,0.095
9.5,0.395,0.325,0.105,0.306,0.111,0.0735,0.095
16.5,0.48,0.39,0.145,0.5825,0.2315,0.121,0.255
10.5,0.42,0.345,0.115,0.3435,0.1515,0.0795,0.115
8.5,0.31,0.24,0.09,0.1455,0.0605,0.0315,0.045
7.5,0.255,0.185,0.07,0.075,0.028,0.018,0.025
7.5,0.17,0.125,0.055,0.0235,0.009,0.0055,0.008
13.5,0.56,0.44,0.17,0.9445,0.3545,0.2175,0.3
9.5,0.42,0.325,0.115,0.354,0.1625,0.064,0.105
13.5,0.435,0.335,0.11,0.383,0.1555,0.0675,0.135
13.5,0.535,0.41,0.155,0.6315,0.2745,0.1415,0.1815
13.5,0.415,0.325,0.115,0.3285,0.1405,0.051,0.106
12.5,0.525,0.43,0.15,0.7365,0.3225,0.161,0.215
12.5,0.47,0.35,0.135,0.567,0.2315,0.1465,0.1525
11.5,0.515,0.375,0.14,0.6505,0.2495,0.141,0.2215
8.5,0.3,0.22,0.09,0.1425,0.057,0.0335,0.043
15.5,0.625,0.46,0.16,1.2395,0.55,0.273,0.38
15.5,0.61,0.475,0.17,1.0385,0.4435,0.241,0.32
15.5,0.625,0.465,0.155,0.972,0.404,0.1845,0.35
18.5,0.635,0.505,0.19,1.3315,0.5805,0.252,0.435
15.5,0.5,0.385,0.155,0.762,0.3795,0.161,0.19
14.5,0.445,0.33,0.1,0.437,0.163,0.0755,0.17
17.5,0.44,0.355,0.165,0.435,0.159,0.105,0.14
16.5,0.555,0.455,0.17,0.8435,0.309,0.1905,0.3
16.5,0.655,0.515,0.145,1.25,0.5265,0.283,0.315
13.5,0.625,0.43,0.175,1.411,0.572,0.297,0.395
16.5,0.62,0.485,0.17,1.208,0.4805,0.3045,0.33
10.5,0.5,0.395,0.12,0.537,0.2165,0.1085,0.1785
10.5,0.42,0.305,0.11,0.28,0.094,0.0785,0.0955
16.5,0.52,0.415,0.16,0.595,0.2105,0.142,0.26
14.5,0.575,0.45,0.17,0.9315,0.358,0.2145,0.26
15.5,0.565,0.435,0.155,0.782,0.2715,0.168,0.285
12.5,0.52,0.38,0.14,0.525,0.1775,0.115,0.185
17.5,0.635,0.5,0.18,1.319,0.5485,0.292,0.49
10.5,0.335,0.24,0.095,0.17,0.062,0.039,0.055
7.5,0.275,0.205,0.08,0.096,0.036,0.0185,0.03
9.5,0.325,0.2,0.08,0.0995,0.0395,0.0225,0.032
6.5,0.275,0.2,0.065,0.092,0.0385,0.0235,0.027
7.5,0.235,0.17,0.065,0.0625,0.023,0.014,0.022
6.5,0.25,0.18,0.06,0.073,0.028,0.017,0.0225
6.5,0.25,0.185,0.065,0.071,0.027,0.0185,0.0225
5.5,0.2,0.145,0.05,0.036,0.0125,0.008,0.011
9.5,0.355,0.26,0.09,0.1925,0.077,0.038,0.065
9.5,0.42,0.31,0.1,0.2865,0.115,0.0735,0.085
6.5,0.285,0.21,0.07,0.109,0.044,0.0265,0.033
7.5,0.3,0.23,0.075,0.127,0.052,0.03,0.0345
7.5,0.31,0.24,0.105,0.2885,0.118,0.065,0.083
7.5,0.34,0.255,0.075,0.18,0.0745,0.04,0.0525
8.5,0.375,0.3,0.075,0.144,0.059,0.03,0.044
8.5,0.415,0.325,0.1,0.4665,0.2285,0.1065,0.114
7.5,0.415,0.315,0.105,0.33,0.1405,0.0705,0.095
7.5,0.415,0.315,0.09,0.3625,0.175,0.0835,0.093
9.5,0.42,0.32,0.1,0.34,0.1745,0.05,0.0945
7.5,0.425,0.31,0.105,0.365,0.159,0.0825,0.105
9.5,0.47,0.37,0.11,0.5555,0.25,0.115,0.163
11.5,0.475,0.365,0.12,0.53,0.2505,0.0975,0.1625
8.5,0.505,0.39,0.185,0.6125,0.267,0.142,0.172
12.5,0.66,0.525,0.215,1.786,0.6725,0.3615,0.4065
5.5,0.205,0.15,0.065,0.04,0.02,0.011,0.013
5.5,0.225,0.17,0.07,0.0565,0.024,0.013,0.016
6.5,0.23,0.18,0.05,0.064,0.0215,0.0135,0.02
5.5,0.275,0.195,0.07,0.0875,0.0345,0.022,0.0255
6.5,0.28,0.21,0.055,0.106,0.0415,0.0265,0.031
6.5,0.28,0.22,0.08,0.1315,0.066,0.024,0.03
7.5,0.295,0.22,0.07,0.126,0.0515,0.0275,0.035
7.5,0.31,0.225,0.075,0.155,0.065,0.037,0.0365
8.5,0.315,0.235,0.07,0.149,0.058,0.0325,0.047
8.5,0.34,0.265,0.07,0.185,0.0625,0.0395,0.07
7.5,0.37,0.29,0.08,0.2545,0.108,0.0565,0.07
7.5,0.38,0.285,0.085,0.237,0.115,0.0405,0.07
8.5,0.39,0.295,0.1,0.279,0.1155,0.059,0.08
7.5,0.405,0.31,0.065,0.3205,0.1575,0.066,0.088
8.5,0.415,0.325,0.1,0.3335,0.1445,0.0715,0.095
8.5,0.44,0.335,0.11,0.3885,0.175,0.0835,0.111
7.5,0.44,0.345,0.115,0.545,0.269,0.111,0.1305
7.5,0.44,0.325,0.1,0.4165,0.185,0.0865,0.11
8.5,0.44,0.355,0.12,0.495,0.231,0.11,0.125
7.5,0.45,0.35,0.125,0.4775,0.2235,0.089,0.118
9.5,0.45,0.35,0.12,0.468,0.2005,0.1065,0.1325
8.5,0.46,0.345,0.12,0.4155,0.198,0.0885,0.107
7.5,0.46,0.345,0.115,0.4215,0.1895,0.102,0.111
8.5,0.465,0.355,0.11,0.474,0.23,0.1005,0.12
8.5,0.475,0.385,0.11,0.5735,0.311,0.1025,0.136
9.5,0.475,0.355,0.105,0.468,0.201,0.1115,0.12
8.5,0.5,0.38,0.11,0.494,0.218,0.09,0.1325
8.5,0.505,0.385,0.12,0.6005,0.239,0.142,0.185
5.5,0.22,0.16,0.05,0.049,0.0215,0.01,0.015
6.5,0.275,0.205,0.07,0.1055,0.495,0.019,0.0315
6.5,0.29,0.21,0.06,0.1045,0.0415,0.022,0.035
7.5,0.33,0.24,0.075,0.163,0.0745,0.033,0.048
7.5,0.355,0.285,0.095,0.2275,0.0955,0.0475,0.0715
7.5,0.375,0.29,0.1,0.219,0.0925,0.038,0.075
9.5,0.415,0.315,0.1,0.3645,0.1765,0.0795,0.095
7.5,0.425,0.33,0.115,0.3265,0.1315,0.077,0.103
8.5,0.425,0.34,0.1,0.3515,0.1625,0.082,0.094
8.5,0.43,0.32,0.1,0.3465,0.1635,0.08,0.09
8.5,0.44,0.34,0.1,0.407,0.209,0.0735,0.103
8.5,0.44,0.335,0.115,0.4215,0.173,0.0765,0.113
8.5,0.46,0.345,0.11,0.3755,0.1525,0.058,0.125
7.5,0.46,0.37,0.12,0.5335,0.2645,0.108,0.1345
8.5,0.465,0.355,0.105,0.442,0.2085,0.0975,0.1185
8.5,0.475,0.365,0.1,0.1315,0.2025,0.0875,0.123
8.5,0.475,0.375,0.115,0.5205,0.233,0.119,0.1455
9.5,0.485,0.375,0.13,0.5535,0.266,0.112,0.157
9.5,0.49,0.375,0.125,0.5445,0.279,0.115,0.13
8.5,0.495,0.38,0.12,0.512,0.233,0.1205,0.136
9.5,0.5,0.39,0.125,0.583,0.294,0.132,0.1605
9.5,0.51,0.395,0.155,0.5395,0.2465,0.1085,0.167
9.5,0.51,0.385,0.15,0.625,0.3095,0.119,0.1725
10.5,0.515,0.4,0.125,0.5925,0.265,0.1175,0.168
10.5,0.52,0.395,0.135,0.633,0.2985,0.1295,0.175
9.5,0.55,0.42,0.13,0.636,0.294,0.144,0.1755
9.5,0.555,0.425,0.13,0.648,0.2835,0.133,0.2105
4.5,0.19,0.14,0.03,0.0315,0.0125,0.005,0.0105
5.5,0.21,0.15,0.045,0.04,0.0135,0.008,0.0105
5.5,0.25,0.175,0.06,0.0635,0.0275,0.008,0.02
6.5,0.29,0.215,0.065,0.0985,0.0425,0.021,0.031
7.5,0.335,0.25,0.08,0.167,0.0675,0.0325,0.0575
7.5,0.34,0.245,0.085,0.2015,0.1005,0.038,0.053
7.5,0.345,0.255,0.095,0.183,0.075,0.0385,0.06
8.5,0.355,0.255,0.08,0.187,0.078,0.0505,0.058
6.5,0.36,0.26,0.08,0.1795,0.074,0.0315,0.06
8.5,0.37,0.275,0.09,0.2065,0.096,0.0395,0.058
9.5,0.375,0.29,0.14,0.3,0.14,0.0625,0.0825
8.5,0.375,0.275,0.095,0.2295,0.095,0.0545,0.066
8.5,0.385,0.3,0.125,0.343,0.1705,0.0735,0.081
9.5,0.385,0.285,0.085,0.244,0.1215,0.0445,0.068
9.5,0.395,0.32,0.1,0.3075,0.149,0.0535,0.09
8.5,0.4,0.305,0.1,0.3415,0.176,0.0625,0.0865
8.5,0.405,0.305,0.1,0.271,0.0965,0.061,0.091
9.5,0.405,0.31,0.11,0.91,0.416,0.2075,0.0995
8.5,0.405,0.305,0.1,0.268,0.1145,0.053,0.085
7.5,0.405,0.3,0.09,0.2885,0.138,0.0635,0.0765
9.5,0.41,0.315,0.1,0.3,0.124,0.0575,0.1
9.5,0.41,0.325,0.11,0.326,0.1325,0.075,0.101
8.5,0.415,0.335,0.1,0.358,0.169,0.067,0.105
9.5,0.42,0.325,0.115,0.314,0.1295,0.0635,0.1
9.5,0.42,0.315,0.11,0.4025,0.1855,0.083,0.1015
8.5,0.43,0.34,0.11,0.3645,0.159,0.0855,0.105
10.5,0.445,0.36,0.11,0.4235,0.182,0.0765,0.14
8.5,0.45,0.335,0.095,0.3505,0.1615,0.0625,0.1185
9.5,0.455,0.34,0.115,0.486,0.261,0.0655,0.1315
9.5,0.46,0.35,0.1,0.471,0.252,0.077,0.123
9.5,0.46,0.345,0.105,0.415,0.187,0.087,0.11
8.5,0.475,0.355,0.115,0.5195,0.279,0.088,0.1325
9.5,0.485,0.38,0.125,0.5215,0.2215,0.118,0.16
9.5,0.485,0.365,0.14,0.4475,0.1895,0.0925,0.2305
11.5,0.49,0.365,0.125,0.5585,0.252,0.126,0.1615
10.5,0.505,0.385,0.125,0.596,0.245,0.097,0.21
10.5,0.505,0.38,0.135,0.5385,0.2645,0.095,0.165
9.5,0.51,0.385,0.145,0.7665,0.3985,0.14,0.1805
9.5,0.515,0.39,0.11,0.531,0.2415,0.098,0.1615
9.5,0.525,0.385,0.13,0.607,0.2355,0.125,0.195
9.5,0.525,0.4,0.13,0.6445,0.345,0.1285,0.2
10.5,0.525,0.375,0.12,0.6315,0.3045,0.114,0.19
11.5,0.55,0.43,0.145,0.712,0.3025,0.152,0.225
11.5,0.55,0.425,0.145,0.89,0.4325,0.171,0.236
10.5,0.55,0.42,0.155,0.912,0.495,0.1805,0.205
11.5,0.55,0.425,0.135,0.656,0.257,0.17,0.203
10.5,0.55,0.465,0.15,0.936,0.481,0.174,0.2435
12.5,0.555,0.435,0.145,0.6975,0.262,0.1575,0.24
11.5,0.56,0.44,0.14,0.825,0.402,0.139,0.245
12.5,0.56,0.435,0.135,0.72,0.329,0.103,0.251
12.5,0.565,0.43,0.15,0.8215,0.332,0.1685,0.29
11.5,0.585,0.46,0.145,0.8465,0.339,0.167,0.295
10.5,0.585,0.42,0.145,0.6735,0.2895,0.1345,0.22
6.5,0.24,0.17,0.05,0.0545,0.0205,0.016,0.0155
5.5,0.255,0.195,0.055,0.0725,0.0285,0.017,0.021
5.5,0.275,0.2,0.055,0.0925,0.038,0.021,0.026
8.5,0.32,0.235,0.09,0.183,0.098,0.0335,0.042
7.5,0.325,0.24,0.075,0.1525,0.072,0.0645,0.043
8.5,0.33,0.225,0.075,0.187,0.0945,0.0395,0.0425
9.5,0.36,0.27,0.09,0.232,0.12,0.0435,0.056
6.5,0.375,0.265,0.095,0.196,0.085,0.042,0.0585
7.5,0.375,0.285,0.09,0.2545,0.119,0.0595,0.0675
8.5,0.39,0.29,0.09,0.2625,0.117,0.054,0.077
8.5,0.45,0.335,0.105,0.362,0.1575,0.0795,0.1095
8.5,0.455,0.35,0.105,0.4445,0.213,0.107,0.1115
8.5,0.46,0.365,0.115,0.511,0.2365,0.118,0.123
9.5,0.495,0.375,0.12,0.589,0.3075,0.1215,0.1405
9.5,0.5,0.375,0.12,0.529,0.2235,0.123,0.16
8.5,0.52,0.395,0.145,0.77,0.424,0.142,0.1895
7.5,0.31,0.23,0.07,0.1245,0.0505,0.0265,0.038
5.5,0.315,0.235,0.075,0.1285,0.051,0.028,0.0405
6.5,0.32,0.205,0.08,0.181,0.088,0.034,0.0495
7.5,0.325,0.25,0.075,0.1585,0.075,0.0305,0.0455
8.5,0.335,0.26,0.09,0.1965,0.0875,0.041,0.056
6.5,0.37,0.28,0.085,0.198,0.0805,0.0455,0.058
8.5,0.37,0.27,0.09,0.1855,0.07,0.0425,0.065
8.5,0.375,0.28,0.085,0.2145,0.0855,0.0485,0.072
9.5,0.4,0.315,0.09,0.3245,0.151,0.073,0.088
7.5,0.41,0.305,0.095,0.2625,0.1,0.0515,0.09
9.5,0.425,0.34,0.1,0.371,0.15,0.0865,0.115
8.5,0.435,0.335,0.095,0.298,0.109,0.058,0.115
8.5,0.445,0.31,0.09,0.336,0.1555,0.09,0.0855
10.5,0.46,0.36,0.14,0.447,0.161,0.087,0.16
9.5,0.47,0.385,0.13,0.587,0.264,0.117,0.174
9.5,0.475,0.375,0.11,0.494,0.211,0.109,0.1545
9.5,0.495,0.375,0.12,0.614,0.2855,0.1365,0.161
10.5,0.5,0.39,0.13,0.5075,0.2115,0.104,0.1755
9.5,0.5,0.37,0.12,0.5445,0.249,0.1065,0.152
10.5,0.505,0.425,0.125,0.6115,0.245,0.1375,0.2
9.5,0.505,0.4,0.125,0.5605,0.2255,0.1435,0.17
10.5,0.51,0.4,0.145,0.5775,0.231,0.143,0.177
9.5,0.51,0.4,0.125,0.5935,0.239,0.13,0.204
9.5,0.52,0.4,0.11,0.597,0.2935,0.1155,0.16
9.5,0.53,0.38,0.125,0.616,0.292,0.113,0.185
12.5,0.54,0.425,0.13,0.8155,0.3675,0.1365,0.246
11.5,0.54,0.415,0.11,0.619,0.2755,0.15,0.1765
9.5,0.545,0.43,0.13,0.7595,0.358,0.153,0.2055
11.5,0.545,0.43,0.15,0.742,0.3525,0.158,0.208
9.5,0.55,0.435,0.165,0.804,0.34,0.194,0.244
9.5,0.55,0.425,0.13,0.664,0.2695,0.163,0.21
9.5,0.56,0.43,0.13,0.728,0.3355,0.1435,0.2175
10.5,0.56,0.435,0.13,0.777,0.354,0.173,0.222
10.5,0.575,0.455,0.16,0.9895,0.495,0.195,0.246
10.5,0.585,0.45,0.135,0.855,0.3795,0.187,0.26
10.5,0.59,0.46,0.125,0.755,0.334,0.15,0.238
11.5,0.59,0.475,0.145,0.9745,0.4675,0.207,0.259
10.5,0.6,0.445,0.135,0.9205,0.445,0.2035,0.253
11.5,0.605,0.48,0.155,0.9995,0.425,0.1985,0.3
12.5,0.61,0.425,0.155,1.0485,0.507,0.1955,0.274
12.5,0.61,0.49,0.16,1.1545,0.5865,0.2385,0.2915
10.5,0.67,0.485,0.175,1.2565,0.5355,0.322,0.386
7.5,0.32,0.215,0.095,0.305,0.14,0.067,0.0885
9.5,0.43,0.345,0.115,0.4295,0.212,0.108,0.109
7.5,0.43,0.33,0.1,0.449,0.254,0.0825,0.097
8.5,0.5,0.37,0.115,0.5745,0.306,0.112,0.141
9.5,0.535,0.4,0.135,0.775,0.368,0.208,0.2055
9.5,0.595,0.43,0.165,0.9845,0.4525,0.207,0.2725
5.5,0.255,0.185,0.065,0.074,0.0305,0.0165,0.02
7.5,0.375,0.26,0.08,0.2075,0.09,0.0415,0.07
9.5,0.375,0.285,0.09,0.237,0.106,0.0395,0.08
8.5,0.39,0.3,0.1,0.2665,0.1105,0.059,0.084
9.5,0.39,0.28,0.09,0.215,0.0845,0.034,0.079
7.5,0.395,0.3,0.09,0.253,0.1155,0.05,0.075
7.5,0.42,0.32,0.11,0.309,0.115,0.0645,0.0945
8.5,0.435,0.335,0.105,0.3535,0.156,0.05,0.1135
9.5,0.435,0.325,0.105,0.335,0.136,0.065,0.115
10.5,0.44,0.32,0.105,0.3875,0.1755,0.074,0.12
9.5,0.45,0.33,0.115,0.365,0.14,0.0825,0.1245
9.5,0.45,0.34,0.125,0.4045,0.171,0.07,0.1345
10.5,0.455,0.355,0.105,0.372,0.138,0.0765,0.135
9.5,0.46,0.37,0.11,0.3965,0.1485,0.0855,0.1455
9.5,0.47,0.375,0.125,0.5225,0.2265,0.104,0.162
10.5,0.475,0.375,0.11,0.456,0.182,0.099,0.16
8.5,0.495,0.33,0.1,0.44,0.177,0.095,0.15
9.5,0.495,0.375,0.115,0.507,0.241,0.103,0.15
9.5,0.5,0.38,0.135,0.5285,0.226,0.123,0.209
8.5,0.515,0.385,0.125,0.572,0.237,0.1435,0.165
12.5,0.52,0.41,0.14,0.6625,0.2775,0.1555,0.196
12.5,0.52,0.395,0.115,0.6445,0.3155,0.1245,0.186
9.5,0.525,0.4,0.11,0.6275,0.3015,0.126,0.18
10.5,0.535,0.42,0.145,0.6885,0.273,0.1515,0.237
11.5,0.55,0.405,0.15,0.6755,0.3015,0.1465,0.21
12.5,0.55,0.445,0.145,0.783,0.3045,0.157,0.265
10.5,0.565,0.44,0.135,0.768,0.3305,0.1385,0.2475
9.5,0.575,0.43,0.13,0.7425,0.2895,0.2005,0.22
10.5,0.575,0.445,0.16,0.9175,0.45,0.1935,0.24
9.5,0.59,0.47,0.145,0.974,0.453,0.236,0.289
12.5,0.62,0.475,0.16,0.907,0.371,0.167,0.3075
5.5,0.225,0.17,0.05,0.0515,0.019,0.012,0.017
6.5,0.23,0.17,0.05,0.057,0.026,0.013,0.016
7.5,0.255,0.185,0.06,0.0925,0.039,0.021,0.025
8.5,0.355,0.27,0.075,0.204,0.3045,0.046,0.0595
8.5,0.425,0.31,0.095,0.3075,0.139,0.0745,0.093
9.5,0.425,0.32,0.085,0.262,0.1235,0.067,0.0725
6.5,0.29,0.215,0.06,0.1115,0.053,0.0185,0.032
6.5,0.3,0.22,0.065,0.1235,0.059,0.026,0.0315
6.5,0.37,0.275,0.1,0.2815,0.1505,0.0505,0.068
8.5,0.375,0.285,0.08,0.226,0.0975,0.04,0.0725
8.5,0.38,0.29,0.085,0.2285,0.088,0.0465,0.075
9.5,0.395,0.3,0.12,0.2995,0.1265,0.068,0.0895
9.5,0.41,0.325,0.105,0.361,0.1605,0.0665,0.103
8.5,0.415,0.32,0.115,0.3045,0.1215,0.0735,0.094
8.5,0.425,0.325,0.105,0.3975,0.1815,0.081,0.1175
8.5,0.44,0.34,0.1,0.379,0.1725,0.0815,0.101
7.5,0.44,0.34,0.12,0.4995,0.2965,0.0945,0.1185
12.5,0.335,0.26,0.09,0.1835,0.078,0.024,0.065
6.5,0.18,0.135,0.08,0.033,0.0145,0.007,0.01
6.5,0.215,0.165,0.055,0.059,0.0265,0.0125,0.0185
5.5,0.2,0.15,0.04,0.046,0.021,0.007,0.0065
8.5,0.275,0.2,0.065,0.1165,0.0565,0.013,0.035
12.5,0.51,0.405,0.12,0.61,0.229,0.131,0.235
9.5,0.27,0.195,0.07,0.102,0.045,0.0135,0.034
6.5,0.2,0.145,0.025,0.0345,0.011,0.0075,0.01
6.5,0.325,0.245,0.075,0.1495,0.0605,0.033,0.045
8.5,0.31,0.235,0.075,0.1515,0.056,0.0315,0.05
9.5,0.295,0.215,0.075,0.116,0.037,0.0295,0.04
16.5,0.48,0.38,0.125,0.523,0.2105,0.1045,0.175
10.5,0.32,0.25,0.08,0.1565,0.057,0.034,0.06
15.5,0.43,0.34,0.125,0.384,0.1375,0.061,0.146
10.5,0.44,0.35,0.12,0.375,0.1425,0.0965,0.115
10.5,0.42,0.325,0.125,0.3915,0.1575,0.1025,0.115
9.5,0.345,0.285,0.1,0.2225,0.0865,0.058,0.075
9.5,0.455,0.375,0.125,0.533,0.233,0.106,0.185
7.5,0.43,0.35,0.105,0.366,0.1705,0.0855,0.11
6.5,0.3,0.23,0.075,0.15,0.0605,0.042,0.045
17.5,0.6,0.445,0.175,1.057,0.383,0.216,0.355
11.5,0.41,0.3,0.115,0.2595,0.097,0.0515,0.08
10.5,0.485,0.355,0.12,0.5085,0.21,0.122,0.135
12.5,0.45,0.355,0.115,0.4385,0.184,0.108,0.1125
12.5,0.49,0.385,0.14,0.5425,0.198,0.127,0.175
13.5,0.375,0.28,0.1,0.2565,0.1165,0.0585,0.0725
13.5,0.55,0.415,0.135,0.8095,0.2985,0.2015,0.28
17.5,0.635,0.48,0.2,1.3655,0.6255,0.2595,0.425
14.5,0.575,0.475,0.17,0.967,0.3775,0.284,0.275
14.5,0.44,0.34,0.125,0.4895,0.1735,0.0875,0.2
13.5,0.45,0.36,0.125,0.45,0.191,0.0865,0.145
9.5,0.39,0.3,0.105,0.259,0.0955,0.038,0.085
16.5,0.66,0.525,0.18,1.6935,0.6025,0.4005,0.42
18.5,0.54,0.435,0.145,0.97,0.4285,0.22,0.264
14.5,0.495,0.38,0.145,0.515,0.175,0.098,0.212
15.5,0.47,0.4,0.16,0.51,0.1615,0.073,0.198
14.5,0.49,0.385,0.115,0.683,0.3265,0.1615,0.165
11.5,0.47,0.375,0.105,0.468,0.1665,0.108,0.17
12.5,0.445,0.345,0.13,0.4075,0.1365,0.0645,0.18
9.5,0.475,0.365,0.14,0.4545,0.171,0.118,0.158
11.5,0.435,0.34,0.11,0.407,0.1685,0.073,0.13
7.5,0.39,0.3,0.1,0.3085,0.1385,0.0735,0.085
9.5,0.375,0.285,0.1,0.239,0.105,0.0555,0.07
21.5,0.58,0.445,0.17,1.178,0.3935,0.2165,0.315
11.5,0.54,0.405,0.15,0.7585,0.307,0.2075,0.19
12.5,0.44,0.31,0.115,0.3625,0.134,0.082,0.12
18.5,0.59,0.465,0.195,1.0885,0.3685,0.187,0.375
14.5,0.61,0.48,0.165,1.097,0.4215,0.264,0.335
18.5,0.61,0.46,0.17,1.278,0.41,0.257,0.37
17.5,0.44,0.33,0.135,0.522,0.17,0.0905,0.195
7.5,0.31,0.235,0.09,0.127,0.048,0.031,0.04
6.5,0.255,0.19,0.07,0.0815,0.028,0.016,0.031
9.5,0.295,0.21,0.08,0.1,0.038,0.026,0.031
6.5,0.19,0.13,0.045,0.0265,0.009,0.005,0.009
10.5,0.35,0.265,0.11,0.209,0.066,0.059,0.075
8.5,0.34,0.25,0.075,0.1765,0.0785,0.0405,0.05
9.5,0.35,0.28,0.075,0.196,0.082,0.04,0.064
7.5,0.35,0.265,0.08,0.192,0.081,0.0465,0.053
8.5,0.39,0.315,0.09,0.3095,0.147,0.05,0.09
8.5,0.395,0.31,0.095,0.313,0.131,0.072,0.093
7.5,0.415,0.31,0.105,0.3595,0.167,0.083,0.0915
8.5,0.43,0.32,0.1,0.3855,0.192,0.0745,0.1
9.5,0.48,0.355,0.115,0.5785,0.25,0.106,0.184
5.5,0.25,0.18,0.065,0.0805,0.0345,0.0185,0.0215
7.5,0.28,0.21,0.065,0.111,0.0425,0.0285,0.03
7.5,0.325,0.24,0.075,0.152,0.065,0.0305,0.045
6.5,0.35,0.265,0.095,0.199,0.073,0.049,0.06
7.5,0.36,0.27,0.09,0.219,0.097,0.0405,0.065
7.5,0.365,0.27,0.105,0.2155,0.0915,0.0475,0.063
7.5,0.37,0.28,0.09,0.2565,0.1255,0.0645,0.0645
8.5,0.375,0.285,0.09,0.257,0.1045,0.062,0.075
7.5,0.38,0.275,0.095,0.2505,0.0945,0.0655,0.075
9.5,0.395,0.3,0.09,0.279,0.134,0.049,0.075
7.5,0.43,0.335,0.105,0.378,0.188,0.0785,0.09
9.5,0.44,0.35,0.125,0.456,0.21,0.0955,0.131
8.5,0.465,0.37,0.1,0.5055,0.234,0.11,0.14
8.5,0.485,0.37,0.1,0.513,0.219,0.1075,0.13
9.5,0.495,0.4,0.145,0.578,0.2545,0.1305,0.1645
9.5,0.5,0.385,0.11,0.596,0.3015,0.104,0.151
4.5,0.165,0.12,0.05,0.021,0.0075,0.0045,0.014
5.5,0.21,0.15,0.055,0.0455,0.02,0.0065,0.013
7.5,0.355,0.265,0.085,0.2435,0.122,0.0525,0.06
7.5,0.4,0.315,0.085,0.2675,0.116,0.0585,0.0765
8.5,0.4,0.29,0.1,0.258,0.104,0.059,0.0815
7.5,0.4,0.3,0.11,0.2985,0.1375,0.071,0.075
8.5,0.435,0.335,0.11,0.411,0.2025,0.0945,0.1
8.5,0.44,0.33,0.11,0.38,0.197,0.079,0.09
9.5,0.45,0.34,0.105,0.4385,0.21,0.0925,0.12
7.5,0.465,0.345,0.105,0.4015,0.242,0.0345,0.109
8.5,0.47,0.355,0.145,0.4485,0.156,0.102,0.123
8.5,0.47,0.355,0.115,0.4155,0.167,0.084,0.139
9.5,0.475,0.42,0.16,0.7095,0.35,0.1505,0.1845
8.5,0.485,0.37,0.115,0.637,0.38,0.1335,0.128
9.5,0.51,0.405,0.13,0.599,0.3065,0.1155,0.1485
9.5,0.52,0.38,0.13,0.5345,0.2375,0.122,0.1535
4.5,0.215,0.15,0.055,0.041,0.015,0.009,0.0125
5.5,0.24,0.185,0.06,0.0655,0.0295,0.0005,0.02
5.5,0.26,0.205,0.07,0.097,0.0415,0.019,0.0305
7.5,0.32,0.24,0.085,0.131,0.0615,0.0265,0.038
7.5,0.33,0.23,0.085,0.1695,0.079,0.026,0.0505
7.5,0.335,0.26,0.085,0.192,0.097,0.03,0.054
8.5,0.35,0.26,0.09,0.1765,0.072,0.0355,0.0575
7.5,0.35,0.265,0.085,0.1735,0.0775,0.034,0.056
7.5,0.36,0.265,0.075,0.1785,0.0785,0.035,0.054
8.5,0.36,0.265,0.09,0.2055,0.096,0.037,0.0585
8.5,0.365,0.275,0.09,0.2345,0.108,0.051,0.0625
8.5,0.38,0.285,0.09,0.2305,0.1005,0.039,0.0775
7.5,0.4,0.31,0.115,0.314,0.1545,0.0595,0.087
7.5,0.4,0.315,0.09,0.33,0.151,0.068,0.08
10.5,0.4,0.265,0.1,0.2775,0.1245,0.0605,0.08
9.5,0.425,0.325,0.11,0.405,0.1695,0.092,0.1065
7.5,0.43,0.325,0.105,0.309,0.119,0.08,0.098
9.5,0.435,0.34,0.12,0.396,0.1775,0.081,0.125
9.5,0.445,0.355,0.095,0.3615,0.1415,0.0785,0.12
9.5,0.45,0.35,0.11,0.514,0.253,0.1045,0.14
9.5,0.455,0.435,0.11,0.4265,0.195,0.09,0.1205
9.5,0.46,0.34,0.09,0.384,0.1795,0.068,0.11
10.5,0.475,0.355,0.125,0.4865,0.2155,0.1105,0.142
9.5,0.475,0.36,0.135,0.4355,0.196,0.0925,0.125
8.5,0.475,0.35,0.115,0.498,0.2375,0.099,0.14
10.5,0.48,0.355,0.125,0.494,0.2385,0.0835,0.15
10.5,0.5,0.365,0.125,0.528,0.229,0.103,0.1645
10.5,0.515,0.4,0.135,0.636,0.3055,0.1215,0.1855
9.5,0.525,0.39,0.105,0.567,0.2875,0.1075,0.16
10.5,0.53,0.405,0.13,0.6615,0.2945,0.1395,0.19
9.5,0.53,0.42,0.13,0.658,0.296,0.1245,0.198
10.5,0.535,0.41,0.13,0.6075,0.268,0.1225,0.1975
9.5,0.54,0.41,0.135,0.7025,0.31,0.177,0.2
11.5,0.55,0.425,0.155,0.8725,0.412,0.187,0.2425
10.5,0.57,0.42,0.13,0.7745,0.3535,0.1505,0.2365
9.5,0.575,0.455,0.155,0.8725,0.349,0.2095,0.285
10.5,0.575,0.44,0.125,0.8515,0.4555,0.1715,0.1965
11.5,0.58,0.46,0.14,0.9265,0.4135,0.1845,0.27
11.5,0.58,0.46,0.14,0.8295,0.3915,0.165,0.238
12.5,0.58,0.47,0.15,0.907,0.444,0.1855,0.2445
12.5,0.63,0.465,0.15,1.0315,0.4265,0.24,0.325
5.5,0.175,0.125,0.04,0.028,0.0095,0.008,0.009
9.5,0.37,0.285,0.095,0.226,0.1135,0.0515,0.0675
6.5,0.395,0.3,0.09,0.2855,0.1385,0.0625,0.077
8.5,0.42,0.325,0.11,0.325,0.1245,0.0755,0.1025
9.5,0.455,0.37,0.11,0.514,0.2385,0.1235,0.126
9.5,0.495,0.375,0.115,0.5755,0.31,0.1145,0.1395
7.5,0.27,0.205,0.05,0.084,0.03,0.0185,0.029
8.5,0.285,0.225,0.07,0.1005,0.0425,0.0185,0.035
6.5,0.295,0.22,0.085,0.1285,0.0585,0.027,0.0365
6.5,0.3,0.225,0.075,0.1345,0.057,0.028,0.044
6.5,0.3,0.22,0.065,0.1195,0.052,0.0155,0.035
7.5,0.36,0.265,0.085,0.1895,0.0725,0.0515,0.055
7.5,0.37,0.275,0.095,0.257,0.1015,0.055,0.0825
9.5,0.39,0.29,0.09,0.2745,0.135,0.0455,0.078
7.5,0.435,0.325,0.1,0.342,0.1335,0.0835,0.105
9.5,0.44,0.34,0.105,0.344,0.123,0.081,0.125
9.5,0.44,0.32,0.095,0.3275,0.1495,0.059,0.1
8.5,0.445,0.345,0.12,0.4035,0.169,0.0825,0.13
10.5,0.465,0.37,0.115,0.4075,0.1515,0.0935,0.1455
9.5,0.465,0.355,0.12,0.4975,0.2375,0.099,0.14
9.5,0.47,0.345,0.12,0.3685,0.1525,0.0615,0.125
8.5,0.475,0.365,0.105,0.4175,0.1645,0.099,0.127
10.5,0.475,0.335,0.1,0.4425,0.1895,0.086,0.135
10.5,0.475,0.35,0.125,0.4225,0.1905,0.079,0.1355
9.5,0.485,0.365,0.125,0.426,0.163,0.0965,0.151
10.5,0.49,0.39,0.12,0.511,0.2205,0.103,0.1745
10.5,0.515,0.405,0.13,0.573,0.213,0.134,0.195
9.5,0.52,0.415,0.14,0.6385,0.2945,0.1405,0.171
11.5,0.525,0.405,0.125,0.657,0.2985,0.1505,0.168
10.5,0.53,0.425,0.13,0.781,0.3905,0.2005,0.215
10.5,0.53,0.42,0.14,0.6765,0.256,0.1855,0.208
12.5,0.53,0.395,0.125,0.6235,0.2975,0.108,0.195
11.5,0.535,0.45,0.155,0.8075,0.3655,0.148,0.2595
11.5,0.55,0.415,0.15,0.7915,0.3535,0.176,0.236
9.5,0.55,0.45,0.14,0.753,0.3445,0.1325,0.24
10.5,0.55,0.4,0.135,0.717,0.3315,0.1495,0.221
10.5,0.555,0.43,0.15,0.783,0.345,0.1755,0.247
10.5,0.575,0.45,0.145,0.872,0.4675,0.18,0.217
9.5,0.575,0.44,0.15,0.983,0.486,0.215,0.239
10.5,0.585,0.46,0.14,0.7635,0.326,0.153,0.265
11.5,0.595,0.47,0.135,0.9365,0.434,0.184,0.287
12.5,0.62,0.47,0.155,0.966,0.447,0.171,0.284
12.5,0.625,0.485,0.16,1.15,0.5255,0.257,0.3315
12.5,0.63,0.49,0.17,1.217,0.5515,0.212,0.31
6.5,0.235,0.13,0.075,0.1585,0.0685,0.037,0.0465
8.5,0.35,0.25,0.1,0.4015,0.1725,0.063,0.1255
8.5,0.36,0.25,0.115,0.465,0.21,0.1055,0.128
8.5,0.38,0.28,0.095,0.2885,0.165,0.0435,0.067
10.5,0.465,0.36,0.105,0.452,0.22,0.159,0.1035
10.5,0.47,0.355,0.12,0.4915,0.1765,0.1125,0.1325
9.5,0.5,0.395,0.145,0.7865,0.332,0.1815,0.2455
11.5,0.51,0.375,0.15,0.8415,0.3845,0.156,0.255
6.5,0.275,0.205,0.065,0.101,0.041,0.021,0.034
6.5,0.285,0.205,0.07,0.106,0.039,0.0285,0.034
8.5,0.36,0.265,0.085,0.1865,0.0675,0.037,0.0615
7.5,0.385,0.29,0.1,0.2575,0.1,0.061,0.086
7.5,0.4,0.315,0.1,0.3225,0.143,0.0735,0.091
8.5,0.43,0.33,0.095,0.32,0.118,0.065,0.123
9.5,0.435,0.375,0.11,0.4155,0.17,0.076,0.145
8.5,0.45,0.335,0.115,0.3935,0.195,0.071,0.11
9.5,0.475,0.355,0.135,0.4775,0.2145,0.09,0.1435
9.5,0.475,0.36,0.11,0.452,0.191,0.099,0.13
9.5,0.485,0.37,0.14,0.5065,0.2425,0.088,0.1465
9.5,0.51,0.395,0.105,0.5525,0.234,0.127,0.165
10.5,0.515,0.39,0.12,0.565,0.235,0.135,0.179
11.5,0.52,0.41,0.14,0.699,0.3395,0.129,0.1945
10.5,0.525,0.4,0.14,0.6055,0.2605,0.108,0.21
9.5,0.53,0.395,0.115,0.475,0.2025,0.101,0.148
12.5,0.53,0.41,0.15,0.612,0.2435,0.1525,0.1895
11.5,0.535,0.4,0.145,0.705,0.3065,0.1365,0.22
10.5,0.535,0.45,0.135,0.728,0.2845,0.1845,0.265
10.5,0.565,0.43,0.125,0.6545,0.2815,0.139,0.21
11.5,0.575,0.45,0.145,0.795,0.364,0.1505,0.26
10.5,0.58,0.42,0.14,0.701,0.3285,0.102,0.2255
10.5,0.59,0.45,0.125,0.86,0.437,0.1515,0.245
13.5,0.62,0.48,0.18,1.1305,0.5285,0.2655,0.306
4.5,0.205,0.155,0.045,0.0495,0.0235,0.011,0.014
7.5,0.305,0.23,0.075,0.1455,0.0595,0.0305,0.05
8.5,0.32,0.23,0.06,0.129,0.0615,0.0275,0.0355
8.5,0.355,0.27,0.1,0.2255,0.11,0.042,0.064
9.5,0.425,0.31,0.095,0.3505,0.1645,0.071,0.1
9.5,0.525,0.4,0.125,0.5655,0.2435,0.119,0.175
9.5,0.35,0.26,0.095,0.221,0.0985,0.043,0.07
7.5,0.38,0.275,0.095,0.2425,0.106,0.0485,0.21
9.5,0.46,0.34,0.1,0.386,0.1805,0.0875,0.0965
5.5,0.17,0.105,0.035,0.034,0.012,0.0085,0.005
9.5,0.335,0.25,0.095,0.185,0.0795,0.0495,0.055
7.5,0.37,0.275,0.085,0.2045,0.096,0.056,0.08
10.5,0.335,0.255,0.085,0.1785,0.071,0.0405,0.055
6.5,0.32,0.235,0.065,0.1385,0.058,0.0225,0.05
6.5,0.33,0.25,0.075,0.1405,0.056,0.035,0.05
8.5,0.38,0.3,0.1,0.286,0.1305,0.056,0.09
10.5,0.29,0.225,0.075,0.152,0.071,0.059,0.045
8.5,0.41,0.33,0.105,0.335,0.1525,0.074,0.11
10.5,0.435,0.355,0.125,0.4075,0.1535,0.074,0.165
5.5,0.14,0.105,0.035,0.0145,0.005,0.0035,0.005
5.5,0.16,0.12,0.02,0.018,0.0075,0.0045,0.005
14.5,0.48,0.39,0.15,0.6275,0.276,0.134,0.185
10.5,0.455,0.365,0.135,0.441,0.1515,0.1165,0.145
11.5,0.355,0.27,0.1,0.216,0.083,0.037,0.075
16.5,0.52,0.405,0.14,0.6765,0.2865,0.146,0.205
12.5,0.54,0.4,0.145,0.757,0.315,0.181,0.215
20.5,0.52,0.39,0.14,0.7325,0.2415,0.144,0.26
12.5,0.56,0.445,0.165,1.0285,0.4535,0.253,0.275
14.5,0.615,0.46,0.19,1.066,0.4335,0.226,0.33
12.5,0.565,0.43,0.135,0.8545,0.321,0.1775,0.275
11.5,0.525,0.4,0.14,0.6955,0.2405,0.16,0.253
15.5,0.58,0.42,0.16,0.728,0.2725,0.19,0.19
13.5,0.5,0.38,0.155,0.6675,0.2745,0.156,0.18
11.5,0.725,0.55,0.22,2.0495,0.7735,0.4405,0.655
18.5,0.55,0.44,0.165,0.8605,0.312,0.169,0.3
7.5,0.235,0.18,0.06,0.058,0.022,0.0145,0.018
6.5,0.235,0.175,0.08,0.0645,0.0215,0.0175,0.0215
7.5,0.235,0.175,0.065,0.0615,0.0205,0.02,0.019
6.5,0.315,0.235,0.08,0.18,0.08,0.045,0.047
9.5,0.465,0.355,0.12,0.5805,0.255,0.0915,0.184
10.5,0.49,0.385,0.12,0.591,0.271,0.1125,0.1775
5.5,0.27,0.205,0.075,0.118,0.059,0.031,0.0305
6.5,0.27,0.19,0.06,0.099,0.0445,0.017,0.03
7.5,0.295,0.22,0.07,0.1365,0.0575,0.0295,0.035
7.5,0.295,0.22,0.065,0.1295,0.052,0.028,0.035
7.5,0.315,0.23,0.07,0.164,0.0625,0.04,0.045
7.5,0.375,0.29,0.095,0.2875,0.123,0.0605,0.08
7.5,0.38,0.3,0.09,0.277,0.1655,0.0625,0.082
7.5,0.385,0.285,0.09,0.248,0.0935,0.066,0.07
7.5,0.4,0.295,0.095,0.252,0.1105,0.0575,0.066
8.5,0.415,0.33,0.1,0.3905,0.1925,0.0755,0.1025
9.5,0.42,0.32,0.115,0.409,0.2055,0.0935,0.105
7.5,0.44,0.33,0.135,0.4095,0.163,0.1005,0.119
8.5,0.45,0.35,0.135,0.494,0.2205,0.0945,0.1405
8.5,0.475,0.35,0.12,0.4905,0.2035,0.13,0.135
7.5,0.58,0.435,0.15,0.8915,0.363,0.1925,0.2515
5.5,0.185,0.135,0.045,0.032,0.011,0.0065,0.01
6.5,0.245,0.175,0.055,0.0785,0.04,0.018,0.02
7.5,0.315,0.23,0,0.134,0.0575,0.0285,0.3505
7.5,0.36,0.27,0.09,0.2075,0.098,0.039,0.062
7.5,0.375,0.28,0.08,0.2235,0.115,0.043,0.055
7.5,0.415,0.31,0.095,0.34,0.181,0.057,0.083
8.5,0.455,0.35,0.135,0.5365,0.2855,0.0855,0.1325
7.5,0.48,0.35,0.105,0.635,0.352,0.127,0.135
9.5,0.485,0.375,0.125,0.562,0.2505,0.1345,0.1525
9.5,0.51,0.39,0.125,0.597,0.293,0.1265,0.1555
7.5,0.275,0.2,0.07,0.096,0.037,0.0225,0.03
7.5,0.33,0.245,0.065,0.1445,0.058,0.032,0.0505
8.5,0.33,0.26,0.085,0.1965,0.0915,0.0425,0.055
8.5,0.365,0.28,0.09,0.196,0.0865,0.036,0.0605
7.5,0.365,0.27,0.09,0.2155,0.1005,0.049,0.0655
9.5,0.42,0.31,0.1,0.2805,0.1125,0.0615,0.0925
8.5,0.435,0.335,0.11,0.334,0.1355,0.0775,0.0965
8.5,0.435,0.325,0.1,0.366,0.174,0.0725,0.109
9.5,0.44,0.325,0.11,0.4965,0.258,0.1195,0.1075
9.5,0.485,0.365,0.09,0.651,0.3165,0.132,0.18
11.5,0.495,0.385,0.125,0.5125,0.2075,0.1155,0.172
12.5,0.52,0.41,0.14,0.5995,0.242,0.1375,0.182
9.5,0.54,0.42,0.14,0.74,0.3595,0.159,0.1985
11.5,0.54,0.415,0.155,0.702,0.322,0.167,0.19
12.5,0.55,0.445,0.125,0.672,0.288,0.1365,0.21
12.5,0.56,0.44,0.155,0.811,0.3685,0.178,0.235
11.5,0.575,0.45,0.15,0.858,0.449,0.166,0.215
9.5,0.545,0.405,0.13,0.658,0.327,0.1445,0.174
7.5,0.37,0.275,0.08,0.2325,0.093,0.056,0.072
8.5,0.395,0.31,0.085,0.317,0.153,0.0505,0.0935
7.5,0.4,0.3,0.115,0.318,0.1335,0.0725,0.0935
8.5,0.41,0.305,0.1,0.2645,0.1,0.0655,0.085
9.5,0.455,0.335,0.105,0.4055,0.175,0.092,0.1185
8.5,0.48,0.335,0.125,0.524,0.246,0.1095,0.145
9.5,0.485,0.375,0.11,0.464,0.2015,0.09,0.149
9.5,0.5,0.36,0.12,0.439,0.1875,0.1055,0.1305
10.5,0.515,0.395,0.125,0.5805,0.2365,0.1075,0.19
9.5,0.52,0.4,0.14,0.622,0.278,0.1455,0.169
9.5,0.545,0.43,0.14,0.772,0.289,0.19,0.2615
10.5,0.55,0.435,0.125,0.741,0.348,0.1585,0.206
9.5,0.555,0.43,0.125,0.7005,0.3395,0.1355,0.2095
10.5,0.565,0.465,0.15,1.1815,0.581,0.2215,0.3095
11.5,0.595,0.475,0.155,0.984,0.4865,0.184,0.2755
8.5,0.42,0.305,0.1,0.3415,0.1645,0.0775,0.086
8.5,0.48,0.35,0.1,0.519,0.2365,0.1275,0.126
9.5,0.515,0.4,0.14,0.7165,0.3495,0.1595,0.1785
9.5,0.56,0.42,0.14,0.837,0.414,0.214,0.2
5.5,0.3,0.215,0.05,0.1185,0.048,0.0225,0.042
10.5,0.455,0.35,0.13,0.4725,0.215,0.0745,0.15
9.5,0.46,0.365,0.11,0.4495,0.1755,0.102,0.15
9.5,0.49,0.375,0.115,0.557,0.2275,0.1335,0.1765
9.5,0.5,0.385,0.12,0.516,0.197,0.1305,0.165
10.5,0.54,0.415,0.135,0.709,0.3195,0.174,0.185
11.5,0.55,0.445,0.11,0.7935,0.378,0.142,0.26
11.5,0.57,0.425,0.14,0.7655,0.331,0.14,0.24
12.5,0.58,0.425,0.145,0.83,0.379,0.1605,0.2575
11.5,0.585,0.47,0.17,0.985,0.3695,0.2395,0.315
7.5,0.28,0.215,0.07,0.124,0.063,0.0215,0.03
8.5,0.33,0.23,0.08,0.14,0.0565,0.0365,0.046
7.5,0.35,0.25,0.075,0.1695,0.0835,0.0355,0.041
8.5,0.37,0.28,0.09,0.218,0.0995,0.0545,0.0615
9.5,0.43,0.315,0.115,0.384,0.1885,0.0715,0.11
7.5,0.435,0.33,0.095,0.393,0.219,0.075,0.0885
7.5,0.44,0.35,0.11,0.3805,0.1575,0.0895,0.115
9.5,0.48,0.355,0.11,0.4495,0.201,0.089,0.14
8.5,0.39,0.31,0.085,0.344,0.181,0.0695,0.079
8.5,0.39,0.29,0.1,0.2845,0.1255,0.0635,0.081
8.5,0.405,0.3,0.085,0.3035,0.15,0.0505,0.088
11.5,0.475,0.365,0.115,0.499,0.232,0.0885,0.156
